{
  "hot_list": [
    {
      "city_id": "110000",
      "city_name": "北京"
    },
    {
      "city_id": "310000",
      "city_name": "上海"
    },
    {
      "city_id": "440100",
      "city_name": "广州"
    },
    {
      "city_id": "440300",
      "city_name": "深圳"
    }
  ],
  "list": [
    {
      "has_evaluate": 1,
      "has_new_house": 1,
      "guide_tabs": [
        {
          "url": "https://m.ke.com/bj/wenda",
          "title": "问答",
          "id": 1,
          "weight": 20,
          "name": "wenda"
        },
        {
          "url": "https://m.ke.com/bj/baike",
          "title": "百科",
          "id": 2,
          "weight": 30,
          "name": "baike"
        }
      ],
      "city_id": 110000,
      "bootpage": [
        {
          "iPhone6Plus_url": "http://image.lj-inf-204.lianjia.com/homepageoriginalimg/1519386284phpbnns6D.jpeg",
          "title": "qwe",
          "iPhone4_url": "http://image.lj-inf-204.lianjia.com/homepageoriginalimg/1519386271phphDCnly.jpeg",
          "iPhone5_url": "http://image.lj-inf-204.lianjia.com/homepageoriginalimg/1519386275phpSEMtYc.jpeg",
          "action_url": "https://m.lianjia.com/bj/daogou/569561.html",
          "image_url": "http://image.lj-inf-204.lianjia.com/homepageoriginalimg/1519386289phpsBtMpC.jpeg",
          "iPhone6_url": "http://image.lj-inf-204.lianjia.com/homepageoriginalimg/1519386280php3gLUsV.jpeg",
          "iPhoneX_url": "http://image.lj-inf-204.lianjia.com/homepageoriginalimg/1519386284phpbnns6D.jpeg",
          "id": "5"
        }
      ],
      "new_rent": 1,
      "community_yezhu_switch": 0,
      "has_visit": 0,
      "has_rent_focus": 1,
      "has_focus": 0,
      "has_more_secd_price": 0,
      "asset_switch": 1,
      "android_perform": False,
      "search_config": [
        "sell",
        "new",
        "rent"
      ],
      "latitude": 39.8992,
      "use_lj_im": 1,
      "home_url": "lianjiabeike://ershoufang/home",
      "seller_appid": 104,
      "has_selling": 1,
      "has_qanda": 1,
      "has_evaluate_v2": 1,
      "community_comment_switch": 1,
      "is_wk_view": 1,
      "has_secondhand_price": 0,
      "asset_is_new": 1,
      "live_find": 1,
      "has_ershoufang": 1,
      "has_more_new_price": 0,
      "has_new_price": 0,
      "abbr": "bj",
      "has_rent": 1,
      "map_entrance": 1,
      "city_name": "北京",
      "is_new_school_page": 1,
      "has_new_house_entry": 0,
      "is_sellv2": 1,
      "has_baichuan": 0,
      "longitude": 116.4138,
      "map_config": {
        "xinfang": {
          "ditie": 1,
          "xuexiao": 0,
          "circle": 0,
          "tongqin": 0
        },
        "ershoufang": {
          "ditie": 1,
          "xuexiao": 0,
          "circle": 1,
          "tongqin": 0
        },
        "zufang": {
          "ditie": 1,
          "xuexiao": 0,
          "circle": 0,
          "tongqin": 0
        }
      },
      "has_guide_button": 0
    },
    {
      "has_evaluate": 1,
      "has_new_house": 1,
      "guide_tabs": [
        {
          "url": "https://m.ke.com/tj/wenda",
          "title": "问答",
          "id": 1,
          "weight": 20,
          "name": "wenda"
        },
        {
          "url": "https://m.ke.com/tj/baike",
          "title": "百科",
          "id": 2,
          "weight": 30,
          "name": "baike"
        }
      ],
      "city_id": 120000,
      "new_rent": 1,
      "community_yezhu_switch": 0,
      "has_visit": 0,
      "has_rent_focus": 0,
      "has_focus": 0,
      "has_more_secd_price": 0,
      "asset_switch": 1,
      "android_perform": False,
      "search_config": [
        "sell",
        "new",
        "rent"
      ],
      "latitude": 39.096496,
      "use_lj_im": 1,
      "home_url": "lianjiabeike://ershoufang/home",
      "seller_appid": 104,
      "has_selling": 1,
      "has_qanda": 1,
      "has_evaluate_v2": 0,
      "community_comment_switch": 0,
      "is_wk_view": 1,
      "has_secondhand_price": 0,
      "asset_is_new": 0,
      "live_find": 0,
      "has_ershoufang": 1,
      "has_more_new_price": 0,
      "has_new_price": 0,
      "abbr": "tj",
      "has_rent": 1,
      "map_entrance": 1,
      "city_name": "天津",
      "is_new_school_page": 0,
      "has_new_house_entry": 0,
      "is_sellv2": 1,
      "has_baichuan": 0,
      "longitude": 117.204208,
      "map_config": {
        "xinfang": {
          "ditie": 1,
          "xuexiao": 0,
          "circle": 0,
          "tongqin": 0
        },
        "ershoufang": {
          "ditie": 1,
          "xuexiao": 0,
          "circle": 1,
          "tongqin": 0
        },
        "zufang": {
          "ditie": 1,
          "xuexiao": 0,
          "circle": 0,
          "tongqin": 0
        }
      },
      "has_guide_button": 0
    },
    {
      "has_evaluate": 0,
      "has_new_house": 1,
      "guide_tabs": [
        {
          "url": "https://m.ke.com/sh/hot",
          "title": "热点",
          "id": 0,
          "weight": 10,
          "name": "redian"
        },
        {
          "url": "https://m.ke.com/sh/wenda",
          "title": "问答",
          "id": 1,
          "weight": 20,
          "name": "wenda"
        }
      ],
      "city_id": 310000,
      "new_rent": 1,
      "community_yezhu_switch": 0,
      "has_visit": 0,
      "has_rent_focus": 0,
      "has_focus": 0,
      "has_more_secd_price": 0,
      "asset_switch": 0,
      "android_perform": False,
      "search_config": [
        "sell",
        "new",
        "rent"
      ],
      "latitude": 31.2368,
      "use_lj_im": 1,
      "home_url": "lianjiabeike://ershoufang/home",
      "seller_appid": 104,
      "has_selling": 1,
      "has_qanda": 1,
      "has_evaluate_v2": 0,
      "community_comment_switch": 0,
      "is_wk_view": 1,
      "has_secondhand_price": 0,
      "asset_is_new": 0,
      "live_find": 1,
      "has_ershoufang": 1,
      "has_more_new_price": 0,
      "has_new_price": 0,
      "abbr": "sh",
      "has_rent": 1,
      "map_entrance": 1,
      "city_name": "上海",
      "is_new_school_page": 0,
      "has_new_house_entry": 0,
      "is_sellv2": 1,
      "has_baichuan": 0,
      "longitude": 121.4804,
      "map_config": {
        "xinfang": {
          "ditie": 1,
          "xuexiao": 0,
          "circle": 0,
          "tongqin": 0
        },
        "ershoufang": {
          "ditie": 1,
          "xuexiao": 0,
          "circle": 1,
          "tongqin": 0
        },
        "zufang": {
          "ditie": 1,
          "xuexiao": 0,
          "circle": 0,
          "tongqin": 0
        }
      },
      "has_guide_button": 0
    },
    {
      "has_evaluate": 1,
      "has_new_house": 1,
      "guide_tabs": [
        {
          "url": "https://m.ke.com/cd/wenda",
          "title": "问答",
          "id": 1,
          "weight": 20,
          "name": "wenda"
        },
        {
          "url": "https://m.ke.com/cd/baike",
          "title": "百科",
          "id": 2,
          "weight": 30,
          "name": "baike"
        }
      ],
      "city_id": 510100,
      "new_rent": 1,
      "community_yezhu_switch": 0,
      "has_visit": 0,
      "has_rent_focus": 0,
      "has_focus": 0,
      "has_more_secd_price": 0,
      "asset_switch": 1,
      "android_perform": False,
      "search_config": [
        "sell",
        "new",
        "rent"
      ],
      "latitude": 30.67,
      "use_lj_im": 1,
      "home_url": "lianjiabeike://ershoufang/home",
      "seller_appid": 104,
      "has_selling": 1,
      "has_qanda": 1,
      "has_evaluate_v2": 0,
      "community_comment_switch": 0,
      "is_wk_view": 1,
      "has_secondhand_price": 0,
      "asset_is_new": 0,
      "live_find": 0,
      "has_ershoufang": 1,
      "has_more_new_price": 0,
      "has_new_price": 0,
      "abbr": "cd",
      "has_rent": 1,
      "map_entrance": 1,
      "city_name": "成都",
      "is_new_school_page": 0,
      "has_new_house_entry": 0,
      "is_sellv2": 1,
      "has_baichuan": 0,
      "longitude": 104.06,
      "map_config": {
        "xinfang": {
          "ditie": 1,
          "xuexiao": 0,
          "circle": 0,
          "tongqin": 0
        },
        "ershoufang": {
          "ditie": 1,
          "xuexiao": 0,
          "circle": 1,
          "tongqin": 0
        },
        "zufang": {
          "ditie": 1,
          "xuexiao": 0,
          "circle": 0,
          "tongqin": 0
        }
      },
      "has_guide_button": 0
    },
    {
      "has_evaluate": 1,
      "has_new_house": 1,
      "guide_tabs": [
        {
          "url": "https://m.ke.com/nj/wenda",
          "title": "问答",
          "id": 1,
          "weight": 20,
          "name": "wenda"
        },
        {
          "url": "https://m.ke.com/nj/baike",
          "title": "百科",
          "id": 2,
          "weight": 30,
          "name": "baike"
        }
      ],
      "city_id": 320100,
      "new_rent": 1,
      "community_yezhu_switch": 0,
      "has_visit": 0,
      "has_rent_focus": 0,
      "has_focus": 0,
      "has_more_secd_price": 0,
      "asset_switch": 0,
      "android_perform": False,
      "search_config": [
        "sell",
        "new",
        "rent"
      ],
      "latitude": 32.122127,
      "use_lj_im": 1,
      "home_url": "lianjiabeike://ershoufang/home",
      "seller_appid": 104,
      "has_selling": 1,
      "has_qanda": 1,
      "has_evaluate_v2": 0,
      "community_comment_switch": 0,
      "is_wk_view": 1,
      "has_secondhand_price": 0,
      "asset_is_new": 0,
      "live_find": 0,
      "has_ershoufang": 1,
      "has_more_new_price": 0,
      "has_new_price": 0,
      "abbr": "nj",
      "has_rent": 1,
      "map_entrance": 1,
      "city_name": "南京",
      "is_new_school_page": 0,
      "has_new_house_entry": 0,
      "is_sellv2": 1,
      "has_baichuan": 0,
      "longitude": 118.802948,
      "map_config": {
        "xinfang": {
          "ditie": 1,
          "xuexiao": 0,
          "circle": 0,
          "tongqin": 0
        },
        "ershoufang": {
          "ditie": 1,
          "xuexiao": 0,
          "circle": 1,
          "tongqin": 0
        },
        "zufang": {
          "ditie": 1,
          "xuexiao": 0,
          "circle": 0,
          "tongqin": 0
        }
      },
      "has_guide_button": 0
    },
    {
      "has_evaluate": 1,
      "has_new_house": 1,
      "guide_tabs": [
        {
          "url": "https://m.ke.com/hz/wenda",
          "title": "问答",
          "id": 1,
          "weight": 20,
          "name": "wenda"
        },
        {
          "url": "https://m.ke.com/hz/baike",
          "title": "百科",
          "id": 2,
          "weight": 30,
          "name": "baike"
        }
      ],
      "city_id": 330100,
      "new_rent": 1,
      "community_yezhu_switch": 0,
      "has_visit": 0,
      "has_rent_focus": 0,
      "has_focus": 0,
      "has_more_secd_price": 0,
      "asset_switch": 1,
      "android_perform": False,
      "search_config": [
        "sell",
        "new",
        "rent"
      ],
      "latitude": 30.2802,
      "use_lj_im": 1,
      "home_url": "lianjiabeike://ershoufang/home",
      "seller_appid": 104,
      "has_selling": 1,
      "has_qanda": 1,
      "has_evaluate_v2": 0,
      "community_comment_switch": 0,
      "is_wk_view": 1,
      "has_secondhand_price": 0,
      "asset_is_new": 0,
      "live_find": 0,
      "has_ershoufang": 1,
      "has_more_new_price": 0,
      "has_new_price": 0,
      "abbr": "hz",
      "has_rent": 1,
      "map_entrance": 1,
      "city_name": "杭州",
      "is_new_school_page": 0,
      "has_new_house_entry": 0,
      "is_sellv2": 1,
      "has_baichuan": 0,
      "longitude": 120.1601,
      "map_config": {
        "xinfang": {
          "ditie": 1,
          "xuexiao": 0,
          "circle": 0,
          "tongqin": 0
        },
        "ershoufang": {
          "ditie": 1,
          "xuexiao": 0,
          "circle": 1,
          "tongqin": 0
        },
        "zufang": {
          "ditie": 1,
          "xuexiao": 0,
          "circle": 0,
          "tongqin": 0
        }
      },
      "has_guide_button": 0
    },
    {
      "has_evaluate": 1,
      "has_new_house": 1,
      "guide_tabs": [
        {
          "url": "https://m.ke.com/qd/wenda",
          "title": "问答",
          "id": 1,
          "weight": 20,
          "name": "wenda"
        },
        {
          "url": "https://m.ke.com/qd/baike",
          "title": "百科",
          "id": 2,
          "weight": 30,
          "name": "baike"
        }
      ],
      "city_id": 370200,
      "new_rent": 1,
      "community_yezhu_switch": 0,
      "has_visit": 0,
      "has_rent_focus": 0,
      "has_focus": 0,
      "has_more_secd_price": 0,
      "asset_switch": 1,
      "android_perform": False,
      "search_config": [
        "sell",
        "new",
        "rent"
      ],
      "latitude": 36.07,
      "use_lj_im": 1,
      "home_url": "lianjiabeike://ershoufang/home",
      "seller_appid": 104,
      "has_selling": 1,
      "has_qanda": 1,
      "has_evaluate_v2": 0,
      "community_comment_switch": 0,
      "is_wk_view": 1,
      "has_secondhand_price": 0,
      "asset_is_new": 0,
      "live_find": 0,
      "has_ershoufang": 1,
      "has_more_new_price": 0,
      "has_new_price": 0,
      "abbr": "qd",
      "has_rent": 1,
      "map_entrance": 1,
      "city_name": "青岛",
      "is_new_school_page": 0,
      "has_new_house_entry": 0,
      "is_sellv2": 1,
      "has_baichuan": 0,
      "longitude": 120.33,
      "map_config": {
        "xinfang": {
          "ditie": 1,
          "xuexiao": 0,
          "circle": 0,
          "tongqin": 0
        },
        "ershoufang": {
          "ditie": 1,
          "xuexiao": 0,
          "circle": 1,
          "tongqin": 0
        },
        "zufang": {
          "ditie": 1,
          "xuexiao": 0,
          "circle": 0,
          "tongqin": 0
        }
      },
      "has_guide_button": 0
    },
    {
      "has_evaluate": 1,
      "has_new_house": 1,
      "guide_tabs": [
        {
          "url": "https://m.ke.com/dl/wenda",
          "title": "问答",
          "id": 1,
          "weight": 20,
          "name": "wenda"
        },
        {
          "url": "https://m.ke.com/dl/baike",
          "title": "百科",
          "id": 2,
          "weight": 30,
          "name": "baike"
        }
      ],
      "city_id": 210200,
      "new_rent": 1,
      "community_yezhu_switch": 0,
      "has_visit": 0,
      "has_rent_focus": 0,
      "has_focus": 0,
      "has_more_secd_price": 0,
      "asset_switch": 1,
      "android_perform": False,
      "search_config": [
        "sell",
        "new",
        "rent"
      ],
      "latitude": 38.91401,
      "use_lj_im": 1,
      "home_url": "lianjiabeike://ershoufang/home",
      "seller_appid": 104,
      "has_selling": 1,
      "has_qanda": 1,
      "has_evaluate_v2": 0,
      "community_comment_switch": 0,
      "is_wk_view": 1,
      "has_secondhand_price": 0,
      "asset_is_new": 0,
      "live_find": 0,
      "has_ershoufang": 1,
      "has_more_new_price": 0,
      "has_new_price": 0,
      "abbr": "dl",
      "has_rent": 1,
      "map_entrance": 1,
      "city_name": "大连",
      "is_new_school_page": 0,
      "has_new_house_entry": 0,
      "is_sellv2": 1,
      "has_baichuan": 0,
      "longitude": 121.597023,
      "map_config": {
        "xinfang": {
          "ditie": 1,
          "xuexiao": 0,
          "circle": 0,
          "tongqin": 0
        },
        "ershoufang": {
          "ditie": 1,
          "xuexiao": 0,
          "circle": 1,
          "tongqin": 0
        },
        "zufang": {
          "ditie": 1,
          "xuexiao": 0,
          "circle": 0,
          "tongqin": 0
        }
      },
      "has_guide_button": 0
    },
    {
      "has_evaluate": 0,
      "has_new_house": 1,
      "guide_tabs": [
        {
          "url": "https://m.ke.com/xm/wenda",
          "title": "问答",
          "id": 1,
          "weight": 20,
          "name": "wenda"
        },
        {
          "url": "https://m.ke.com/xm/baike",
          "title": "百科",
          "id": 2,
          "weight": 30,
          "name": "baike"
        }
      ],
      "city_id": 350200,
      "new_rent": 1,
      "community_yezhu_switch": 0,
      "has_visit": 0,
      "has_rent_focus": 0,
      "has_focus": 0,
      "has_more_secd_price": 0,
      "asset_switch": 0,
      "android_perform": False,
      "search_config": [
        "sell",
        "new",
        "rent"
      ],
      "latitude": 24.488705,
      "use_lj_im": 1,
      "home_url": "lianjiabeike://ershoufang/home",
      "seller_appid": 104,
      "has_selling": 1,
      "has_qanda": 1,
      "has_evaluate_v2": 0,
      "community_comment_switch": 0,
      "is_wk_view": 1,
      "has_secondhand_price": 0,
      "asset_is_new": 0,
      "live_find": 0,
      "has_ershoufang": 1,
      "has_more_new_price": 0,
      "has_new_price": 0,
      "abbr": "xm",
      "has_rent": 1,
      "map_entrance": 1,
      "city_name": "厦门",
      "is_new_school_page": 0,
      "has_new_house_entry": 0,
      "is_sellv2": 1,
      "has_baichuan": 0,
      "longitude": 118.092388,
      "map_config": {
        "xinfang": {
          "ditie": 0,
          "xuexiao": 0,
          "circle": 0,
          "tongqin": 0
        },
        "ershoufang": {
          "ditie": 0,
          "xuexiao": 0,
          "circle": 1,
          "tongqin": 0
        },
        "zufang": {
          "ditie": 0,
          "xuexiao": 0,
          "circle": 0,
          "tongqin": 0
        }
      },
      "has_guide_button": 0
    },
    {
      "has_evaluate": 1,
      "has_new_house": 1,
      "guide_tabs": [
        {
          "url": "https://m.ke.com/wh/wenda",
          "title": "问答",
          "id": 1,
          "weight": 20,
          "name": "wenda"
        },
        {
          "url": "https://m.ke.com/wh/baike",
          "title": "百科",
          "id": 2,
          "weight": 30,
          "name": "baike"
        }
      ],
      "city_id": 420100,
      "new_rent": 1,
      "community_yezhu_switch": 0,
      "has_visit": 0,
      "has_rent_focus": 0,
      "has_focus": 0,
      "has_more_secd_price": 0,
      "asset_switch": 1,
      "android_perform": False,
      "search_config": [
        "sell",
        "new",
        "rent"
      ],
      "latitude": 30.597996,
      "use_lj_im": 1,
      "home_url": "lianjiabeike://ershoufang/home",
      "seller_appid": 104,
      "has_selling": 1,
      "has_qanda": 1,
      "has_evaluate_v2": 0,
      "community_comment_switch": 0,
      "is_wk_view": 1,
      "has_secondhand_price": 0,
      "asset_is_new": 0,
      "live_find": 0,
      "has_ershoufang": 1,
      "has_more_new_price": 0,
      "has_new_price": 0,
      "abbr": "wh",
      "has_rent": 1,
      "map_entrance": 1,
      "city_name": "武汉",
      "is_new_school_page": 0,
      "has_new_house_entry": 0,
      "is_sellv2": 1,
      "has_baichuan": 0,
      "longitude": 114.307576,
      "map_config": {
        "xinfang": {
          "ditie": 1,
          "xuexiao": 0,
          "circle": 0,
          "tongqin": 0
        },
        "ershoufang": {
          "ditie": 1,
          "xuexiao": 0,
          "circle": 1,
          "tongqin": 0
        },
        "zufang": {
          "ditie": 1,
          "xuexiao": 0,
          "circle": 0,
          "tongqin": 0
        }
      },
      "has_guide_button": 0
    },
    {
      "has_evaluate": 1,
      "has_new_house": 1,
      "guide_tabs": [
        {
          "url": "https://m.ke.com/sz/wenda",
          "title": "问答",
          "id": 1,
          "weight": 20,
          "name": "wenda"
        },
        {
          "url": "https://m.ke.com/sz/baike",
          "title": "百科",
          "id": 2,
          "weight": 30,
          "name": "baike"
        }
      ],
      "city_id": 440300,
      "bootpage": [
        {
          "iPhone6Plus_url": "http://image.lj-inf-204.lianjia.com/homepageoriginalimg/1519386284phpbnns6D.jpeg",
          "title": "qwe",
          "iPhone4_url": "http://image.lj-inf-204.lianjia.com/homepageoriginalimg/1519386271phphDCnly.jpeg",
          "iPhone5_url": "http://image.lj-inf-204.lianjia.com/homepageoriginalimg/1519386275phpSEMtYc.jpeg",
          "action_url": "https://m.lianjia.com/bj/daogou/569561.html",
          "image_url": "http://image.lj-inf-204.lianjia.com/homepageoriginalimg/1519386289phpsBtMpC.jpeg",
          "iPhone6_url": "http://image.lj-inf-204.lianjia.com/homepageoriginalimg/1519386280php3gLUsV.jpeg",
          "iPhoneX_url": "http://image.lj-inf-204.lianjia.com/homepageoriginalimg/1519386284phpbnns6D.jpeg",
          "id": "5"
        }
      ],
      "new_rent": 1,
      "community_yezhu_switch": 0,
      "has_visit": 0,
      "has_rent_focus": 0,
      "has_focus": 0,
      "has_more_secd_price": 0,
      "asset_switch": 1,
      "android_perform": False,
      "search_config": [
        "sell",
        "new",
        "rent"
      ],
      "latitude": 22.556468,
      "use_lj_im": 1,
      "home_url": "lianjiabeike://ershoufang/home",
      "seller_appid": 104,
      "has_selling": 1,
      "has_qanda": 1,
      "has_evaluate_v2": 0,
      "community_comment_switch": 0,
      "is_wk_view": 1,
      "has_secondhand_price": 0,
      "asset_is_new": 0,
      "live_find": 1,
      "has_ershoufang": 1,
      "has_more_new_price": 0,
      "has_new_price": 0,
      "abbr": "sz",
      "has_rent": 1,
      "map_entrance": 1,
      "city_name": "深圳",
      "is_new_school_page": 0,
      "has_new_house_entry": 0,
      "is_sellv2": 1,
      "has_baichuan": 0,
      "longitude": 114.051845,
      "map_config": {
        "xinfang": {
          "ditie": 1,
          "xuexiao": 0,
          "circle": 0,
          "tongqin": 0
        },
        "ershoufang": {
          "ditie": 1,
          "xuexiao": 0,
          "circle": 1,
          "tongqin": 0
        },
        "zufang": {
          "ditie": 1,
          "xuexiao": 0,
          "circle": 0,
          "tongqin": 0
        }
      },
      "has_guide_button": 0
    },
    {
      "has_evaluate": 1,
      "has_new_house": 1,
      "guide_tabs": [
        {
          "url": "https://m.ke.com/cq/wenda",
          "title": "问答",
          "id": 1,
          "weight": 20,
          "name": "wenda"
        },
        {
          "url": "https://m.ke.com/cq/baike",
          "title": "百科",
          "id": 2,
          "weight": 30,
          "name": "baike"
        }
      ],
      "city_id": 500000,
      "new_rent": 1,
      "community_yezhu_switch": 0,
      "has_visit": 0,
      "has_rent_focus": 0,
      "has_focus": 0,
      "has_more_secd_price": 0,
      "asset_switch": 1,
      "android_perform": False,
      "search_config": [
        "sell",
        "new",
        "rent"
      ],
      "latitude": 29.573258,
      "use_lj_im": 1,
      "home_url": "lianjiabeike://ershoufang/home",
      "seller_appid": 104,
      "has_selling": 1,
      "has_qanda": 1,
      "has_evaluate_v2": 0,
      "community_comment_switch": 0,
      "is_wk_view": 1,
      "has_secondhand_price": 0,
      "asset_is_new": 0,
      "live_find": 0,
      "has_ershoufang": 1,
      "has_more_new_price": 0,
      "has_new_price": 0,
      "abbr": "cq",
      "has_rent": 1,
      "map_entrance": 1,
      "city_name": "重庆",
      "is_new_school_page": 0,
      "has_new_house_entry": 0,
      "is_sellv2": 1,
      "has_baichuan": 0,
      "longitude": 106.56168,
      "map_config": {
        "xinfang": {
          "ditie": 1,
          "xuexiao": 0,
          "circle": 0,
          "tongqin": 0
        },
        "ershoufang": {
          "ditie": 1,
          "xuexiao": 0,
          "circle": 1,
          "tongqin": 0
        },
        "zufang": {
          "ditie": 1,
          "xuexiao": 0,
          "circle": 0,
          "tongqin": 0
        }
      },
      "has_guide_button": 0
    },
    {
      "has_evaluate": 1,
      "has_new_house": 1,
      "guide_tabs": [
        {
          "url": "https://m.ke.com/cs/wenda",
          "title": "问答",
          "id": 1,
          "weight": 20,
          "name": "wenda"
        },
        {
          "url": "https://m.ke.com/cs/baike",
          "title": "百科",
          "id": 2,
          "weight": 30,
          "name": "baike"
        }
      ],
      "city_id": 430100,
      "new_rent": 1,
      "community_yezhu_switch": 0,
      "has_visit": 0,
      "has_rent_focus": 0,
      "has_focus": 0,
      "has_more_secd_price": 0,
      "asset_switch": 1,
      "android_perform": False,
      "search_config": [
        "sell",
        "new",
        "rent"
      ],
      "latitude": 28.234102,
      "use_lj_im": 1,
      "home_url": "lianjiabeike://ershoufang/home",
      "seller_appid": 104,
      "has_selling": 1,
      "has_qanda": 1,
      "has_evaluate_v2": 0,
      "community_comment_switch": 0,
      "is_wk_view": 1,
      "has_secondhand_price": 0,
      "asset_is_new": 0,
      "live_find": 0,
      "has_ershoufang": 1,
      "has_more_new_price": 0,
      "has_new_price": 0,
      "abbr": "cs",
      "has_rent": 1,
      "map_entrance": 1,
      "city_name": "长沙",
      "is_new_school_page": 0,
      "has_new_house_entry": 0,
      "is_sellv2": 1,
      "has_baichuan": 0,
      "longitude": 112.939684,
      "map_config": {
        "xinfang": {
          "ditie": 1,
          "xuexiao": 0,
          "circle": 0,
          "tongqin": 0
        },
        "ershoufang": {
          "ditie": 1,
          "xuexiao": 0,
          "circle": 1,
          "tongqin": 0
        },
        "zufang": {
          "ditie": 1,
          "xuexiao": 0,
          "circle": 0,
          "tongqin": 0
        }
      },
      "has_guide_button": 0
    },
    {
      "has_evaluate": 1,
      "has_new_house": 1,
      "guide_tabs": [
        {
          "url": "https://m.ke.com/xa/wenda",
          "title": "问答",
          "id": 1,
          "weight": 20,
          "name": "wenda"
        },
        {
          "url": "https://m.ke.com/xa/baike",
          "title": "百科",
          "id": 2,
          "weight": 30,
          "name": "baike"
        }
      ],
      "city_id": 610100,
      "new_rent": 1,
      "community_yezhu_switch": 0,
      "has_visit": 0,
      "has_rent_focus": 0,
      "has_focus": 0,
      "has_more_secd_price": 0,
      "asset_switch": 1,
      "android_perform": False,
      "search_config": [
        "sell",
        "new",
        "rent"
      ],
      "latitude": 34.26539,
      "use_lj_im": 1,
      "home_url": "lianjiabeike://ershoufang/home",
      "seller_appid": 104,
      "has_selling": 1,
      "has_qanda": 0,
      "has_evaluate_v2": 0,
      "community_comment_switch": 0,
      "is_wk_view": 1,
      "has_secondhand_price": 0,
      "asset_is_new": 0,
      "live_find": 0,
      "has_ershoufang": 1,
      "has_more_new_price": 0,
      "has_new_price": 0,
      "abbr": "xa",
      "has_rent": 1,
      "map_entrance": 1,
      "city_name": "西安",
      "is_new_school_page": 0,
      "has_new_house_entry": 0,
      "is_sellv2": 1,
      "has_baichuan": 0,
      "longitude": 108.949074,
      "map_config": {
        "xinfang": {
          "ditie": 1,
          "xuexiao": 0,
          "circle": 0,
          "tongqin": 0
        },
        "ershoufang": {
          "ditie": 1,
          "xuexiao": 0,
          "circle": 1,
          "tongqin": 0
        },
        "zufang": {
          "ditie": 1,
          "xuexiao": 0,
          "circle": 0,
          "tongqin": 0
        }
      },
      "has_guide_button": 0
    },
    {
      "has_evaluate": 1,
      "has_new_house": 1,
      "guide_tabs": [
        {
          "url": "https://m.ke.com/jn/wenda",
          "title": "问答",
          "id": 1,
          "weight": 20,
          "name": "wenda"
        },
        {
          "url": "https://m.ke.com/jn/baike",
          "title": "百科",
          "id": 2,
          "weight": 30,
          "name": "baike"
        }
      ],
      "city_id": 370101,
      "new_rent": 1,
      "community_yezhu_switch": 0,
      "has_visit": 0,
      "has_rent_focus": 0,
      "has_focus": 0,
      "has_more_secd_price": 0,
      "asset_switch": 1,
      "android_perform": False,
      "search_config": [
        "sell",
        "new",
        "rent"
      ],
      "latitude": 36.672828,
      "use_lj_im": 1,
      "home_url": "lianjiabeike://ershoufang/home",
      "seller_appid": 104,
      "has_selling": 1,
      "has_qanda": 1,
      "has_evaluate_v2": 0,
      "community_comment_switch": 0,
      "is_wk_view": 1,
      "has_secondhand_price": 0,
      "asset_is_new": 0,
      "live_find": 0,
      "has_ershoufang": 1,
      "has_more_new_price": 0,
      "has_new_price": 0,
      "abbr": "jn",
      "has_rent": 1,
      "map_entrance": 1,
      "city_name": "济南",
      "is_new_school_page": 0,
      "has_new_house_entry": 0,
      "is_sellv2": 1,
      "has_baichuan": 0,
      "longitude": 116.988747,
      "map_config": {
        "xinfang": {
          "ditie": 0,
          "xuexiao": 0,
          "circle": 0,
          "tongqin": 0
        },
        "ershoufang": {
          "ditie": 0,
          "xuexiao": 0,
          "circle": 1,
          "tongqin": 0
        },
        "zufang": {
          "ditie": 0,
          "xuexiao": 0,
          "circle": 0,
          "tongqin": 0
        }
      },
      "has_guide_button": 0
    },
    {
      "has_evaluate": 0,
      "has_new_house": 1,
      "guide_tabs": [
        {
          "url": "https://m.ke.com/sjz/wenda",
          "title": "问答",
          "id": 1,
          "weight": 20,
          "name": "wenda"
        },
        {
          "url": "https://m.ke.com/sjz/baike",
          "title": "百科",
          "id": 2,
          "weight": 30,
          "name": "baike"
        }
      ],
      "city_id": 130100,
      "new_rent": 1,
      "community_yezhu_switch": 0,
      "has_visit": 0,
      "has_rent_focus": 0,
      "has_focus": 0,
      "has_more_secd_price": 0,
      "asset_switch": 0,
      "android_perform": False,
      "search_config": [
        "sell",
        "new",
        "rent"
      ],
      "latitude": 38.048731,
      "use_lj_im": 1,
      "home_url": "lianjiabeike://ershoufang/home",
      "seller_appid": 104,
      "has_selling": 1,
      "has_qanda": 0,
      "has_evaluate_v2": 0,
      "community_comment_switch": 0,
      "is_wk_view": 1,
      "has_secondhand_price": 0,
      "asset_is_new": 0,
      "live_find": 0,
      "has_ershoufang": 1,
      "has_more_new_price": 0,
      "has_new_price": 0,
      "abbr": "sjz",
      "has_rent": 1,
      "map_entrance": 1,
      "city_name": "石家庄",
      "is_new_school_page": 0,
      "has_new_house_entry": 0,
      "is_sellv2": 1,
      "has_baichuan": 0,
      "longitude": 114.518633,
      "map_config": {
        "xinfang": {
          "ditie": 1,
          "xuexiao": 0,
          "circle": 0,
          "tongqin": 0
        },
        "ershoufang": {
          "ditie": 1,
          "xuexiao": 0,
          "circle": 1,
          "tongqin": 0
        },
        "zufang": {
          "ditie": 1,
          "xuexiao": 0,
          "circle": 0,
          "tongqin": 0
        }
      },
      "has_guide_button": 0
    },
    {
      "has_evaluate": 1,
      "has_new_house": 1,
      "guide_tabs": [
        {
          "url": "https://m.ke.com/gz/wenda",
          "title": "问答",
          "id": 1,
          "weight": 20,
          "name": "wenda"
        },
        {
          "url": "https://m.ke.com/gz/baike",
          "title": "百科",
          "id": 2,
          "weight": 30,
          "name": "baike"
        }
      ],
      "city_id": 440100,
      "new_rent": 1,
      "community_yezhu_switch": 0,
      "has_visit": 0,
      "has_rent_focus": 0,
      "has_focus": 0,
      "has_more_secd_price": 0,
      "asset_switch": 1,
      "android_perform": False,
      "search_config": [
        "sell",
        "new",
        "rent"
      ],
      "latitude": 23.128823,
      "use_lj_im": 1,
      "home_url": "lianjiabeike://ershoufang/home",
      "seller_appid": 400,
      "has_selling": 1,
      "has_qanda": 1,
      "has_evaluate_v2": 0,
      "community_comment_switch": 0,
      "is_wk_view": 1,
      "has_secondhand_price": 0,
      "asset_is_new": 0,
      "live_find": 0,
      "has_ershoufang": 1,
      "has_more_new_price": 0,
      "has_new_price": 0,
      "abbr": "gz",
      "has_rent": 1,
      "map_entrance": 1,
      "city_name": "广州",
      "is_new_school_page": 0,
      "has_new_house_entry": 0,
      "is_sellv2": 1,
      "has_baichuan": 0,
      "longitude": 113.27373,
      "map_config": {
        "xinfang": {
          "ditie": 1,
          "xuexiao": 0,
          "circle": 0,
          "tongqin": 0
        },
        "ershoufang": {
          "ditie": 1,
          "xuexiao": 0,
          "circle": 1,
          "tongqin": 0
        },
        "zufang": {
          "ditie": 1,
          "xuexiao": 0,
          "circle": 0,
          "tongqin": 0
        }
      },
      "has_guide_button": 0
    },
    {
      "has_evaluate": 1,
      "has_new_house": 1,
      "guide_tabs": [
        {
          "url": "https://m.ke.com/dg/wenda",
          "title": "问答",
          "id": 1,
          "weight": 20,
          "name": "wenda"
        },
        {
          "url": "https://m.ke.com/dg/baike",
          "title": "百科",
          "id": 2,
          "weight": 30,
          "name": "baike"
        }
      ],
      "city_id": 441900,
      "new_rent": 1,
      "community_yezhu_switch": 0,
      "has_visit": 0,
      "has_rent_focus": 0,
      "has_focus": 0,
      "has_more_secd_price": 0,
      "asset_switch": 1,
      "android_perform": False,
      "search_config": [
        "sell",
        "new",
        "rent"
      ],
      "latitude": 23.003846,
      "use_lj_im": 1,
      "home_url": "lianjiabeike://ershoufang/home",
      "seller_appid": 104,
      "has_selling": 1,
      "has_qanda": 0,
      "has_evaluate_v2": 0,
      "community_comment_switch": 0,
      "is_wk_view": 1,
      "has_secondhand_price": 0,
      "asset_is_new": 0,
      "live_find": 0,
      "has_ershoufang": 1,
      "has_more_new_price": 0,
      "has_new_price": 0,
      "abbr": "dg",
      "has_rent": 1,
      "map_entrance": 1,
      "city_name": "东莞",
      "is_new_school_page": 0,
      "has_new_house_entry": 0,
      "is_sellv2": 1,
      "has_baichuan": 0,
      "longitude": 113.752482,
      "map_config": {
        "xinfang": {
          "ditie": 1,
          "xuexiao": 0,
          "circle": 0,
          "tongqin": 0
        },
        "ershoufang": {
          "ditie": 1,
          "xuexiao": 0,
          "circle": 1,
          "tongqin": 0
        },
        "zufang": {
          "ditie": 1,
          "xuexiao": 0,
          "circle": 0,
          "tongqin": 0
        }
      },
      "has_guide_button": 0
    },
    {
      "has_evaluate": 0,
      "has_new_house": 1,
      "guide_tabs": [
        {
          "url": "https://m.ke.com/fs/wenda",
          "title": "问答",
          "id": 1,
          "weight": 20,
          "name": "wenda"
        },
        {
          "url": "https://m.ke.com/fs/baike",
          "title": "百科",
          "id": 2,
          "weight": 30,
          "name": "baike"
        }
      ],
      "city_id": 440600,
      "new_rent": 1,
      "community_yezhu_switch": 0,
      "has_visit": 0,
      "has_rent_focus": 0,
      "has_focus": 0,
      "has_more_secd_price": 0,
      "asset_switch": 0,
      "android_perform": False,
      "search_config": [
        "sell",
        "new",
        "rent"
      ],
      "latitude": 23.035095,
      "use_lj_im": 1,
      "home_url": "lianjiabeike://ershoufang/home",
      "seller_appid": 0,
      "has_selling": 1,
      "has_qanda": 0,
      "has_evaluate_v2": 0,
      "community_comment_switch": 0,
      "is_wk_view": 1,
      "has_secondhand_price": 0,
      "asset_is_new": 0,
      "live_find": 0,
      "has_ershoufang": 1,
      "has_more_new_price": 0,
      "has_new_price": 0,
      "abbr": "fs",
      "has_rent": 1,
      "map_entrance": 1,
      "city_name": "佛山",
      "is_new_school_page": 0,
      "has_new_house_entry": 0,
      "is_sellv2": 1,
      "has_baichuan": 0,
      "longitude": 113.134026,
      "map_config": {
        "xinfang": {
          "ditie": 1,
          "xuexiao": 0,
          "circle": 0,
          "tongqin": 0
        },
        "ershoufang": {
          "ditie": 1,
          "xuexiao": 0,
          "circle": 1,
          "tongqin": 0
        },
        "zufang": {
          "ditie": 1,
          "xuexiao": 0,
          "circle": 0,
          "tongqin": 0
        }
      },
      "has_guide_button": 0
    },
    {
      "has_evaluate": 1,
      "has_new_house": 1,
      "guide_tabs": [
        {
          "url": "https://m.ke.com/hf/wenda",
          "title": "问答",
          "id": 1,
          "weight": 20,
          "name": "wenda"
        },
        {
          "url": "https://m.ke.com/hf/baike",
          "title": "百科",
          "id": 2,
          "weight": 30,
          "name": "baike"
        }
      ],
      "city_id": 340100,
      "new_rent": 1,
      "community_yezhu_switch": 0,
      "has_visit": 0,
      "has_rent_focus": 0,
      "has_focus": 0,
      "has_more_secd_price": 0,
      "asset_switch": 1,
      "android_perform": False,
      "search_config": [
        "sell",
        "new",
        "rent"
      ],
      "latitude": 31.864942016,
      "use_lj_im": 1,
      "home_url": "lianjiabeike://ershoufang/home",
      "seller_appid": 104,
      "has_selling": 1,
      "has_qanda": 1,
      "has_evaluate_v2": 0,
      "community_comment_switch": 0,
      "is_wk_view": 1,
      "has_secondhand_price": 0,
      "asset_is_new": 0,
      "live_find": 0,
      "has_ershoufang": 1,
      "has_more_new_price": 0,
      "has_new_price": 0,
      "abbr": "hf",
      "has_rent": 1,
      "map_entrance": 1,
      "city_name": "合肥",
      "is_new_school_page": 0,
      "has_new_house_entry": 0,
      "is_sellv2": 1,
      "has_baichuan": 0,
      "longitude": 117.2882028929,
      "map_config": {
        "xinfang": {
          "ditie": 0,
          "xuexiao": 0,
          "circle": 0,
          "tongqin": 0
        },
        "ershoufang": {
          "ditie": 0,
          "xuexiao": 0,
          "circle": 1,
          "tongqin": 0
        },
        "zufang": {
          "ditie": 1,
          "xuexiao": 0,
          "circle": 0,
          "tongqin": 0
        }
      },
      "has_guide_button": 0
    },
    {
      "has_evaluate": 1,
      "has_new_house": 1,
      "guide_tabs": [
        {
          "url": "https://m.ke.com/yt/wenda",
          "title": "问答",
          "id": 1,
          "weight": 20,
          "name": "wenda"
        },
        {
          "url": "https://m.ke.com/yt/baike",
          "title": "百科",
          "id": 2,
          "weight": 30,
          "name": "baike"
        }
      ],
      "city_id": 370600,
      "new_rent": 1,
      "community_yezhu_switch": 0,
      "has_visit": 0,
      "has_rent_focus": 0,
      "has_focus": 0,
      "has_more_secd_price": 0,
      "asset_switch": 1,
      "android_perform": False,
      "search_config": [
        "sell",
        "new",
        "rent"
      ],
      "latitude": 37.469765,
      "use_lj_im": 1,
      "home_url": "lianjiabeike://ershoufang/home",
      "seller_appid": 104,
      "has_selling": 1,
      "has_qanda": 0,
      "has_evaluate_v2": 0,
      "community_comment_switch": 0,
      "is_wk_view": 1,
      "has_secondhand_price": 0,
      "asset_is_new": 0,
      "live_find": 0,
      "has_ershoufang": 1,
      "has_more_new_price": 0,
      "has_new_price": 0,
      "abbr": "yt",
      "has_rent": 1,
      "map_entrance": 1,
      "city_name": "烟台",
      "is_new_school_page": 0,
      "has_new_house_entry": 0,
      "is_sellv2": 1,
      "has_baichuan": 0,
      "longitude": 121.451904,
      "map_config": {
        "xinfang": {
          "ditie": 0,
          "xuexiao": 0,
          "circle": 0,
          "tongqin": 0
        },
        "ershoufang": {
          "ditie": 0,
          "xuexiao": 0,
          "circle": 1,
          "tongqin": 0
        },
        "zufang": {
          "ditie": 0,
          "xuexiao": 0,
          "circle": 0,
          "tongqin": 0
        }
      },
      "has_guide_button": 0
    },
    {
      "has_evaluate": 0,
      "has_new_house": 1,
      "has_rent_focus": 0,
      "city_id": 320500,
      "new_rent": 1,
      "community_yezhu_switch": 0,
      "has_visit": 0,
      "has_focus": 0,
      "has_more_secd_price": 0,
      "asset_switch": 0,
      "android_perform": False,
      "search_config": [
        "sell",
        "new",
        "rent"
      ],
      "latitude": 31.3010678543,
      "use_lj_im": 1,
      "home_url": "lianjiabeike://ershoufang/home",
      "seller_appid": 104,
      "has_selling": 1,
      "has_qanda": 1,
      "has_evaluate_v2": 0,
      "community_comment_switch": 0,
      "is_wk_view": 1,
      "has_secondhand_price": 0,
      "asset_is_new": 0,
      "live_find": 0,
      "has_ershoufang": 1,
      "has_more_new_price": 0,
      "has_new_price": 0,
      "abbr": "s",
      "has_rent": 1,
      "map_entrance": 1,
      "city_name": "苏州",
      "is_new_school_page": 0,
      "has_new_house_entry": 0,
      "is_sellv2": 1,
      "has_baichuan": 0,
      "longitude": 120.5811424828,
      "map_config": {
        "xinfang": {
          "ditie": 1,
          "xuexiao": 0,
          "circle": 0,
          "tongqin": 0
        },
        "ershoufang": {
          "ditie": 1,
          "xuexiao": 0,
          "circle": 1,
          "tongqin": 0
        },
        "zufang": {
          "ditie": 1,
          "xuexiao": 0,
          "circle": 0,
          "tongqin": 0
        }
      },
      "has_guide_button": 0
    },
    {
      "has_evaluate": 0,
      "has_new_house": 1,
      "has_rent_focus": 0,
      "city_id": 442000,
      "new_rent": 1,
      "community_yezhu_switch": 0,
      "has_visit": 0,
      "has_focus": 0,
      "has_more_secd_price": 0,
      "asset_switch": 0,
      "android_perform": False,
      "search_config": [
        "sell",
        "new",
        "rent"
      ],
      "latitude": 22.545178,
      "use_lj_im": 1,
      "home_url": "lianjiabeike://ershoufang/home",
      "seller_appid": 0,
      "has_selling": 1,
      "has_qanda": 0,
      "has_evaluate_v2": 0,
      "community_comment_switch": 0,
      "is_wk_view": 1,
      "has_secondhand_price": 0,
      "asset_is_new": 0,
      "live_find": 0,
      "has_ershoufang": 1,
      "has_more_new_price": 0,
      "has_new_price": 0,
      "abbr": "zs",
      "has_rent": 1,
      "map_entrance": 1,
      "city_name": "中山",
      "is_new_school_page": 0,
      "has_new_house_entry": 0,
      "is_sellv2": 1,
      "has_baichuan": 0,
      "longitude": 113.42206,
      "map_config": {
        "xinfang": {
          "ditie": 0,
          "xuexiao": 0,
          "circle": 0,
          "tongqin": 0
        },
        "ershoufang": {
          "ditie": 0,
          "xuexiao": 0,
          "circle": 1,
          "tongqin": 0
        },
        "zufang": {
          "ditie": 0,
          "xuexiao": 0,
          "circle": 0,
          "tongqin": 0
        }
      },
      "has_guide_button": 0
    },
    {
      "has_evaluate": 0,
      "has_new_house": 1,
      "has_rent_focus": 0,
      "city_id": 440400,
      "new_rent": 1,
      "community_yezhu_switch": 0,
      "has_visit": 0,
      "has_focus": 0,
      "has_more_secd_price": 0,
      "asset_switch": 0,
      "android_perform": False,
      "search_config": [
        "sell",
        "new",
        "rent"
      ],
      "latitude": 22.256915,
      "use_lj_im": 1,
      "home_url": "lianjiabeike://ershoufang/home",
      "seller_appid": 104,
      "has_selling": 1,
      "has_qanda": 0,
      "has_evaluate_v2": 0,
      "community_comment_switch": 0,
      "is_wk_view": 1,
      "has_secondhand_price": 0,
      "asset_is_new": 0,
      "live_find": 0,
      "has_ershoufang": 1,
      "has_more_new_price": 0,
      "has_new_price": 0,
      "abbr": "zh",
      "has_rent": 1,
      "map_entrance": 1,
      "city_name": "珠海",
      "is_new_school_page": 0,
      "has_new_house_entry": 0,
      "is_sellv2": 1,
      "has_baichuan": 0,
      "longitude": 113.562447,
      "map_config": {
        "xinfang": {
          "ditie": 0,
          "xuexiao": 0,
          "circle": 0,
          "tongqin": 0
        },
        "ershoufang": {
          "ditie": 0,
          "xuexiao": 0,
          "circle": 1,
          "tongqin": 0
        },
        "zufang": {
          "ditie": 0,
          "xuexiao": 0,
          "circle": 0,
          "tongqin": 0
        }
      },
      "has_guide_button": 0
    },
    {
      "has_evaluate": 1,
      "has_new_house": 1,
      "guide_tabs": [
        {
          "url": "https://m.ke.com/sy/wenda",
          "title": "问答",
          "id": 1,
          "weight": 20,
          "name": "wenda"
        },
        {
          "url": "https://m.ke.com/sy/baike",
          "title": "百科",
          "id": 2,
          "weight": 30,
          "name": "baike"
        }
      ],
      "city_id": 210100,
      "new_rent": 1,
      "community_yezhu_switch": 0,
      "has_visit": 0,
      "has_rent_focus": 0,
      "has_focus": 0,
      "has_more_secd_price": 0,
      "asset_switch": 1,
      "android_perform": False,
      "search_config": [
        "sell",
        "new",
        "rent"
      ],
      "latitude": 41.8,
      "use_lj_im": 1,
      "home_url": "lianjiabeike://ershoufang/home",
      "seller_appid": 104,
      "has_selling": 1,
      "has_qanda": 0,
      "has_evaluate_v2": 0,
      "community_comment_switch": 0,
      "is_wk_view": 1,
      "has_secondhand_price": 0,
      "asset_is_new": 0,
      "live_find": 0,
      "has_ershoufang": 1,
      "has_more_new_price": 0,
      "has_new_price": 0,
      "abbr": "sy",
      "has_rent": 1,
      "map_entrance": 1,
      "city_name": "沈阳",
      "is_new_school_page": 0,
      "has_new_house_entry": 0,
      "is_sellv2": 1,
      "has_baichuan": 0,
      "longitude": 123.38,
      "map_config": {
        "xinfang": {
          "ditie": 1,
          "xuexiao": 0,
          "circle": 0,
          "tongqin": 0
        },
        "ershoufang": {
          "ditie": 1,
          "xuexiao": 0,
          "circle": 1,
          "tongqin": 0
        },
        "zufang": {
          "ditie": 1,
          "xuexiao": 0,
          "circle": 0,
          "tongqin": 0
        }
      },
      "has_guide_button": 0
    },
    {
      "has_evaluate": 1,
      "has_new_house": 1,
      "has_rent_focus": 0,
      "city_id": 131000,
      "new_rent": 1,
      "community_yezhu_switch": 0,
      "has_visit": 0,
      "has_focus": 0,
      "has_more_secd_price": 0,
      "asset_switch": 1,
      "android_perform": False,
      "search_config": [
        "sell",
        "new",
        "rent"
      ],
      "latitude": 39.518611,
      "use_lj_im": 1,
      "home_url": "lianjiabeike://ershoufang/home",
      "seller_appid": 104,
      "has_selling": 1,
      "has_qanda": 0,
      "has_evaluate_v2": 0,
      "community_comment_switch": 0,
      "is_wk_view": 1,
      "has_secondhand_price": 0,
      "asset_is_new": 0,
      "live_find": 0,
      "has_ershoufang": 1,
      "has_more_new_price": 0,
      "has_new_price": 0,
      "abbr": "lf",
      "has_rent": 1,
      "map_entrance": 1,
      "city_name": "廊坊",
      "is_new_school_page": 0,
      "has_new_house_entry": 0,
      "is_sellv2": 1,
      "has_baichuan": 0,
      "longitude": 116.703602,
      "map_config": {
        "xinfang": {
          "ditie": 0,
          "xuexiao": 0,
          "circle": 0,
          "tongqin": 0
        },
        "ershoufang": {
          "ditie": 0,
          "xuexiao": 0,
          "circle": 1,
          "tongqin": 0
        },
        "zufang": {
          "ditie": 0,
          "xuexiao": 0,
          "circle": 0,
          "tongqin": 0
        }
      },
      "has_guide_button": 0
    },
    {
      "has_evaluate": 0,
      "has_new_house": 1,
      "has_rent_focus": 0,
      "city_id": 140100,
      "new_rent": 1,
      "has_visit": 0,
      "has_focus": 0,
      "has_more_secd_price": 0,
      "asset_switch": 0,
      "android_perform": False,
      "search_config": [
        "new"
      ],
      "latitude": 37.87,
      "use_lj_im": 1,
      "home_url": "lianjiabeike://newhouse/home",
      "seller_appid": 100,
      "has_selling": 0,
      "has_qanda": 0,
      "has_evaluate_v2": 0,
      "community_comment_switch": 0,
      "is_wk_view": 1,
      "has_secondhand_price": 0,
      "asset_is_new": 0,
      "live_find": 0,
      "has_ershoufang": 0,
      "has_more_new_price": 0,
      "has_new_price": 0,
      "abbr": "ty",
      "has_rent": 0,
      "map_entrance": 1,
      "city_name": "太原",
      "is_new_school_page": 0,
      "has_new_house_entry": 0,
      "is_sellv2": 0,
      "has_baichuan": 0,
      "longitude": 112.53,
      "community_yezhu_switch": 0,
      "has_guide_button": 0
    },
    {
      "has_evaluate": 0,
      "has_new_house": 1,
      "has_rent_focus": 0,
      "city_id": 441300,
      "new_rent": 1,
      "community_yezhu_switch": 0,
      "has_visit": 0,
      "has_focus": 0,
      "has_more_secd_price": 0,
      "asset_switch": 0,
      "android_perform": False,
      "search_config": [
        "sell",
        "new",
        "rent"
      ],
      "latitude": 23.118805,
      "use_lj_im": 1,
      "home_url": "lianjiabeike://ershoufang/home",
      "seller_appid": 104,
      "has_selling": 1,
      "has_qanda": 0,
      "has_evaluate_v2": 0,
      "community_comment_switch": 0,
      "is_wk_view": 1,
      "has_secondhand_price": 0,
      "asset_is_new": 0,
      "live_find": 0,
      "has_ershoufang": 1,
      "has_more_new_price": 0,
      "has_new_price": 0,
      "abbr": "hui",
      "has_rent": 1,
      "map_entrance": 1,
      "city_name": "惠州",
      "is_new_school_page": 0,
      "has_new_house_entry": 0,
      "is_sellv2": 1,
      "has_baichuan": 0,
      "longitude": 114.422691,
      "map_config": {
        "xinfang": {
          "ditie": 0,
          "xuexiao": 0,
          "circle": 0,
          "tongqin": 0
        },
        "ershoufang": {
          "ditie": 0,
          "xuexiao": 0,
          "circle": 1,
          "tongqin": 0
        },
        "zufang": {
          "ditie": 0,
          "xuexiao": 0,
          "circle": 0,
          "tongqin": 0
        }
      },
      "has_guide_button": 0
    },
    {
      "has_evaluate": 0,
      "has_new_house": 1,
      "has_rent_focus": 0,
      "city_id": 320200,
      "new_rent": 1,
      "community_yezhu_switch": 0,
      "has_visit": 0,
      "has_focus": 0,
      "has_more_secd_price": 0,
      "asset_switch": 0,
      "android_perform": False,
      "search_config": [
        "sell",
        "new",
        "rent"
      ],
      "latitude": 31.497401,
      "use_lj_im": 1,
      "home_url": "lianjiabeike://ershoufang/home",
      "seller_appid": 104,
      "has_selling": 0,
      "has_qanda": 0,
      "has_evaluate_v2": 0,
      "community_comment_switch": 0,
      "is_wk_view": 1,
      "has_secondhand_price": 0,
      "asset_is_new": 0,
      "live_find": 0,
      "has_ershoufang": 1,
      "has_more_new_price": 0,
      "has_new_price": 0,
      "abbr": "wx",
      "has_rent": 1,
      "map_entrance": 1,
      "city_name": "无锡",
      "is_new_school_page": 0,
      "has_new_house_entry": 0,
      "is_sellv2": 0,
      "has_baichuan": 0,
      "longitude": 120.31293,
      "map_config": {
        "xinfang": {
          "ditie": 1,
          "xuexiao": 0,
          "circle": 0,
          "tongqin": 0
        },
        "ershoufang": {
          "ditie": 1,
          "xuexiao": 0,
          "circle": 1,
          "tongqin": 0
        },
        "zufang": {
          "ditie": 1,
          "xuexiao": 0,
          "circle": 0,
          "tongqin": 0
        }
      },
      "has_guide_button": 0
    },
    {
      "has_evaluate": 1,
      "has_new_house": 1,
      "guide_tabs": [
        {
          "url": "https://m.ke.com/zz/baike",
          "title": "百科",
          "id": 2,
          "weight": 30,
          "name": "baike"
        }
      ],
      "city_id": 410100,
      "new_rent": 1,
      "community_yezhu_switch": 0,
      "has_visit": 0,
      "has_rent_focus": 0,
      "has_focus": 0,
      "has_more_secd_price": 0,
      "asset_switch": 1,
      "android_perform": False,
      "search_config": [
        "sell",
        "new",
        "rent"
      ],
      "latitude": 34.754475,
      "use_lj_im": 1,
      "home_url": "lianjiabeike://ershoufang/home",
      "seller_appid": 104,
      "has_selling": 1,
      "has_qanda": 0,
      "has_evaluate_v2": 0,
      "community_comment_switch": 0,
      "is_wk_view": 1,
      "has_secondhand_price": 0,
      "asset_is_new": 0,
      "live_find": 0,
      "has_ershoufang": 1,
      "has_more_new_price": 0,
      "has_new_price": 0,
      "abbr": "zz",
      "has_rent": 1,
      "map_entrance": 1,
      "city_name": "郑州",
      "is_new_school_page": 0,
      "has_new_house_entry": 0,
      "is_sellv2": 1,
      "has_baichuan": 0,
      "longitude": 113.645045,
      "map_config": {
        "xinfang": {
          "ditie": 1,
          "xuexiao": 0,
          "circle": 0,
          "tongqin": 0
        },
        "ershoufang": {
          "ditie": 1,
          "xuexiao": 0,
          "circle": 1,
          "tongqin": 0
        },
        "zufang": {
          "ditie": 1,
          "xuexiao": 0,
          "circle": 0,
          "tongqin": 0
        }
      },
      "has_guide_button": 0
    },
    {
      "has_evaluate": 0,
      "has_new_house": 1,
      "has_rent_focus": 0,
      "city_id": 530100,
      "new_rent": 1,
      "has_visit": 0,
      "has_focus": 0,
      "has_more_secd_price": 0,
      "asset_switch": 0,
      "android_perform": False,
      "search_config": [
        "new"
      ],
      "latitude": 25.045225,
      "use_lj_im": 1,
      "home_url": "lianjiabeike://newhouse/home",
      "seller_appid": 100,
      "has_selling": 0,
      "has_qanda": 0,
      "has_evaluate_v2": 0,
      "community_comment_switch": 0,
      "is_wk_view": 1,
      "has_secondhand_price": 0,
      "asset_is_new": 0,
      "live_find": 0,
      "has_ershoufang": 0,
      "has_more_new_price": 0,
      "has_new_price": 0,
      "abbr": "km",
      "has_rent": 0,
      "map_entrance": 1,
      "city_name": "昆明",
      "is_new_school_page": 0,
      "has_new_house_entry": 0,
      "is_sellv2": 0,
      "has_baichuan": 0,
      "longitude": 102.703678,
      "community_yezhu_switch": 0,
      "has_guide_button": 0
    },
    {
      "has_evaluate": 0,
      "has_new_house": 1,
      "has_rent_focus": 0,
      "city_id": 320300,
      "new_rent": 1,
      "has_visit": 0,
      "has_focus": 0,
      "has_more_secd_price": 0,
      "asset_switch": 0,
      "android_perform": False,
      "search_config": [
        "sell",
        "new"
      ],
      "latitude": 34.26,
      "use_lj_im": 1,
      "home_url": "lianjiabeike://ershoufang/home",
      "seller_appid": 100,
      "has_selling": 0,
      "has_qanda": 0,
      "has_evaluate_v2": 0,
      "community_comment_switch": 0,
      "is_wk_view": 1,
      "has_secondhand_price": 0,
      "asset_is_new": 0,
      "live_find": 0,
      "has_ershoufang": 1,
      "has_more_new_price": 0,
      "has_new_price": 0,
      "abbr": "xz",
      "has_rent": 0,
      "map_entrance": 0,
      "city_name": "徐州",
      "is_new_school_page": 0,
      "has_new_house_entry": 0,
      "is_sellv2": 0,
      "has_baichuan": 1,
      "longitude": 117.2,
      "community_yezhu_switch": 0,
      "has_guide_button": 0
    },
    {
      "has_evaluate": 0,
      "has_new_house": 0,
      "has_rent_focus": 0,
      "city_id": 460100,
      "new_rent": 1,
      "has_visit": 0,
      "has_focus": 0,
      "has_more_secd_price": 0,
      "asset_switch": 0,
      "android_perform": False,
      "use_lj_im": 1,
      "latitude": 20.022071,
      "home_url": "lianjiabeike://ershoufang/home",
      "seller_appid": 100,
      "has_selling": 0,
      "has_qanda": 0,
      "has_evaluate_v2": 0,
      "community_comment_switch": 0,
      "is_wk_view": 1,
      "has_secondhand_price": 0,
      "asset_is_new": 0,
      "live_find": 0,
      "has_ershoufang": 0,
      "has_more_new_price": 0,
      "has_new_price": 0,
      "abbr": "hk",
      "has_rent": 0,
      "map_entrance": 1,
      "city_name": "海口",
      "is_new_school_page": 0,
      "has_new_house_entry": 0,
      "is_sellv2": 0,
      "has_baichuan": 0,
      "m_url": "https://m.lianjia.com/you/hnhk/",
      "longitude": 110.330802,
      "community_yezhu_switch": 0,
      "has_guide_button": 0
    },
    {
      "has_evaluate": 0,
      "has_new_house": 0,
      "has_rent_focus": 0,
      "city_id": 469028,
      "new_rent": 1,
      "has_visit": 0,
      "has_focus": 0,
      "has_more_secd_price": 0,
      "asset_switch": 0,
      "android_perform": False,
      "use_lj_im": 1,
      "latitude": 18.5123869278,
      "home_url": "lianjiabeike://newhouse/home",
      "seller_appid": 100,
      "has_selling": 0,
      "has_qanda": 0,
      "has_evaluate_v2": 0,
      "community_comment_switch": 0,
      "is_wk_view": 1,
      "has_secondhand_price": 0,
      "asset_is_new": 0,
      "live_find": 0,
      "has_ershoufang": 0,
      "has_more_new_price": 0,
      "has_new_price": 0,
      "abbr": "ls",
      "has_rent": 0,
      "map_entrance": 1,
      "city_name": "陵水",
      "is_new_school_page": 0,
      "has_new_house_entry": 0,
      "is_sellv2": 0,
      "has_baichuan": 0,
      "m_url": "https://m.lianjia.com/you/hnls/",
      "longitude": 109.5,
      "community_yezhu_switch": 0,
      "has_guide_button": 0
    },
    {
      "has_evaluate": 0,
      "has_new_house": 0,
      "has_rent_focus": 0,
      "city_id": 469002,
      "new_rent": 1,
      "has_visit": 0,
      "has_focus": 0,
      "has_more_secd_price": 0,
      "asset_switch": 0,
      "android_perform": False,
      "use_lj_im": 1,
      "latitude": 18.25,
      "home_url": "lianjiabeike://newhouse/home",
      "seller_appid": 100,
      "has_selling": 0,
      "has_qanda": 0,
      "has_evaluate_v2": 0,
      "community_comment_switch": 0,
      "is_wk_view": 1,
      "has_secondhand_price": 0,
      "asset_is_new": 0,
      "live_find": 0,
      "has_ershoufang": 0,
      "has_more_new_price": 0,
      "has_new_price": 0,
      "abbr": "qh",
      "has_rent": 0,
      "map_entrance": 1,
      "city_name": "琼海",
      "is_new_school_page": 0,
      "has_new_house_entry": 0,
      "is_sellv2": 0,
      "has_baichuan": 0,
      "m_url": "https://m.lianjia.com/you/hnqh/",
      "longitude": 109.5,
      "community_yezhu_switch": 0,
      "has_guide_button": 0
    },
    {
      "has_evaluate": 0,
      "has_new_house": 0,
      "has_rent_focus": 0,
      "city_id": 460200,
      "new_rent": 1,
      "has_visit": 0,
      "has_focus": 0,
      "has_more_secd_price": 0,
      "asset_switch": 0,
      "android_perform": False,
      "use_lj_im": 1,
      "latitude": 18.25,
      "home_url": "lianjiabeike://newhouse/home",
      "seller_appid": 100,
      "has_selling": 0,
      "has_qanda": 0,
      "has_evaluate_v2": 0,
      "community_comment_switch": 0,
      "is_wk_view": 1,
      "has_secondhand_price": 0,
      "asset_is_new": 0,
      "live_find": 0,
      "has_ershoufang": 0,
      "has_more_new_price": 0,
      "has_new_price": 0,
      "abbr": "san",
      "has_rent": 0,
      "map_entrance": 1,
      "city_name": "三亚",
      "is_new_school_page": 0,
      "has_new_house_entry": 0,
      "is_sellv2": 0,
      "has_baichuan": 0,
      "m_url": "https://m.lianjia.com/you/hnsan/",
      "longitude": 109.5,
      "community_yezhu_switch": 0,
      "has_guide_button": 0
    },
    {
      "has_evaluate": 0,
      "has_new_house": 0,
      "has_rent_focus": 0,
      "city_id": 469006,
      "new_rent": 1,
      "has_visit": 0,
      "has_focus": 0,
      "has_more_secd_price": 0,
      "asset_switch": 0,
      "android_perform": False,
      "use_lj_im": 1,
      "latitude": 18.25,
      "home_url": "lianjiabeike://newhouse/home",
      "seller_appid": 100,
      "has_selling": 0,
      "has_qanda": 0,
      "has_evaluate_v2": 0,
      "community_comment_switch": 0,
      "is_wk_view": 1,
      "has_secondhand_price": 0,
      "asset_is_new": 0,
      "live_find": 0,
      "has_ershoufang": 0,
      "has_more_new_price": 0,
      "has_new_price": 0,
      "abbr": "wn",
      "has_rent": 0,
      "map_entrance": 1,
      "city_name": "万宁",
      "is_new_school_page": 0,
      "has_new_house_entry": 0,
      "is_sellv2": 0,
      "has_baichuan": 0,
      "m_url": "https://m.lianjia.com/you/hnwn/",
      "longitude": 109.5,
      "community_yezhu_switch": 0,
      "has_guide_button": 0
    },
    {
      "has_evaluate": 0,
      "has_new_house": 0,
      "has_rent_focus": 0,
      "city_id": 469005,
      "new_rent": 1,
      "has_visit": 0,
      "has_focus": 0,
      "has_more_secd_price": 0,
      "asset_switch": 0,
      "android_perform": False,
      "use_lj_im": 1,
      "latitude": 18.25,
      "home_url": "lianjiabeike://newhouse/home",
      "seller_appid": 100,
      "has_selling": 0,
      "has_qanda": 0,
      "has_evaluate_v2": 0,
      "community_comment_switch": 0,
      "is_wk_view": 1,
      "has_secondhand_price": 0,
      "asset_is_new": 0,
      "live_find": 0,
      "has_ershoufang": 0,
      "has_more_new_price": 0,
      "has_new_price": 0,
      "abbr": "wc",
      "has_rent": 0,
      "map_entrance": 1,
      "city_name": "文昌",
      "is_new_school_page": 0,
      "has_new_house_entry": 0,
      "is_sellv2": 0,
      "has_baichuan": 0,
      "m_url": "https://m.lianjia.com/you/hnwc/",
      "longitude": 109.5,
      "community_yezhu_switch": 0,
      "has_guide_button": 0
    },
    {
      "has_evaluate": 0,
      "has_new_house": 0,
      "has_rent_focus": 0,
      "city_id": 532800,
      "new_rent": 1,
      "has_visit": 0,
      "has_focus": 0,
      "has_more_secd_price": 0,
      "asset_switch": 0,
      "android_perform": False,
      "use_lj_im": 1,
      "latitude": 22.009433,
      "home_url": "lianjiabeike://ershoufang/home",
      "seller_appid": 100,
      "has_selling": 0,
      "has_qanda": 0,
      "has_evaluate_v2": 0,
      "community_comment_switch": 0,
      "is_wk_view": 1,
      "has_secondhand_price": 0,
      "asset_is_new": 0,
      "live_find": 0,
      "has_ershoufang": 0,
      "has_more_new_price": 0,
      "has_new_price": 0,
      "abbr": "xsbn",
      "has_rent": 0,
      "map_entrance": 1,
      "city_name": "西双版纳",
      "is_new_school_page": 0,
      "has_new_house_entry": 0,
      "is_sellv2": 0,
      "has_baichuan": 0,
      "m_url": "https://m.lianjia.com/you/ynxsbn/",
      "longitude": 100.803038,
      "community_yezhu_switch": 0,
      "has_guide_button": 0
    },
    {
      "has_evaluate": 0,
      "has_new_house": 0,
      "has_rent_focus": 0,
      "city_id": 532900,
      "new_rent": 1,
      "has_visit": 0,
      "has_focus": 0,
      "has_more_secd_price": 0,
      "asset_switch": 0,
      "android_perform": False,
      "use_lj_im": 1,
      "latitude": 25.5969,
      "home_url": "lianjiabeike://ershoufang/home",
      "seller_appid": 100,
      "has_selling": 0,
      "has_qanda": 0,
      "has_evaluate_v2": 0,
      "community_comment_switch": 0,
      "is_wk_view": 1,
      "has_secondhand_price": 0,
      "asset_is_new": 0,
      "live_find": 0,
      "has_ershoufang": 0,
      "has_more_new_price": 0,
      "has_new_price": 0,
      "abbr": "dl1",
      "has_rent": 0,
      "map_entrance": 1,
      "city_name": "大理",
      "is_new_school_page": 0,
      "has_new_house_entry": 0,
      "is_sellv2": 0,
      "has_baichuan": 0,
      "m_url": "https://m.lianjia.com/you/yndl/",
      "longitude": 100.223675,
      "community_yezhu_switch": 0,
      "has_guide_button": 0
    },
    {
      "has_evaluate": 0,
      "has_new_house": 0,
      "has_rent_focus": 0,
      "city_id": 469021,
      "new_rent": 1,
      "has_visit": 0,
      "has_focus": 0,
      "has_more_secd_price": 0,
      "asset_switch": 0,
      "android_perform": False,
      "use_lj_im": 1,
      "latitude": 19.490991,
      "home_url": "lianjiabeike://ershoufang/home",
      "seller_appid": 100,
      "has_selling": 0,
      "has_qanda": 0,
      "has_evaluate_v2": 0,
      "community_comment_switch": 0,
      "is_wk_view": 1,
      "has_secondhand_price": 0,
      "asset_is_new": 0,
      "live_find": 0,
      "has_ershoufang": 0,
      "has_more_new_price": 0,
      "has_new_price": 0,
      "abbr": "da",
      "has_rent": 0,
      "map_entrance": 1,
      "city_name": "定安",
      "is_new_school_page": 0,
      "has_new_house_entry": 0,
      "is_sellv2": 0,
      "has_baichuan": 0,
      "m_url": "https://m.lianjia.com/you/hnda/",
      "longitude": 110.32009,
      "community_yezhu_switch": 0,
      "has_guide_button": 0
    },
    {
      "has_evaluate": 0,
      "has_new_house": 0,
      "has_rent_focus": 0,
      "city_id": 469023,
      "new_rent": 1,
      "has_visit": 0,
      "has_focus": 0,
      "has_more_secd_price": 0,
      "asset_switch": 0,
      "android_perform": False,
      "use_lj_im": 1,
      "latitude": 19.693135,
      "home_url": "lianjiabeike://ershoufang/home",
      "seller_appid": 100,
      "has_selling": 0,
      "has_qanda": 0,
      "has_evaluate_v2": 0,
      "community_comment_switch": 0,
      "is_wk_view": 1,
      "has_secondhand_price": 0,
      "asset_is_new": 0,
      "live_find": 0,
      "has_ershoufang": 0,
      "has_more_new_price": 0,
      "has_new_price": 0,
      "abbr": "cm",
      "has_rent": 0,
      "map_entrance": 1,
      "city_name": "澄迈",
      "is_new_school_page": 0,
      "has_new_house_entry": 0,
      "is_sellv2": 0,
      "has_baichuan": 0,
      "m_url": "http://m.lianjia.com/you/hncm/",
      "longitude": 109.996736,
      "community_yezhu_switch": 0,
      "has_guide_button": 0
    },
    {
      "has_evaluate": 0,
      "has_new_house": 0,
      "has_rent_focus": 0,
      "city_id": 469024,
      "new_rent": 1,
      "has_visit": 0,
      "has_focus": 0,
      "has_more_secd_price": 0,
      "asset_switch": 0,
      "android_perform": False,
      "use_lj_im": 1,
      "latitude": 19.805922,
      "home_url": "lianjiabeike://ershoufang/home",
      "seller_appid": 100,
      "has_selling": 0,
      "has_qanda": 0,
      "has_evaluate_v2": 0,
      "community_comment_switch": 0,
      "is_wk_view": 1,
      "has_secondhand_price": 0,
      "asset_is_new": 0,
      "live_find": 0,
      "has_ershoufang": 0,
      "has_more_new_price": 0,
      "has_new_price": 0,
      "abbr": "lg",
      "has_rent": 0,
      "map_entrance": 1,
      "city_name": "临高",
      "is_new_school_page": 0,
      "has_new_house_entry": 0,
      "is_sellv2": 0,
      "has_baichuan": 0,
      "m_url": "https://m.lianjia.com/you/hnlg/",
      "longitude": 109.724102,
      "community_yezhu_switch": 0,
      "has_guide_button": 0
    },
    {
      "has_evaluate": 0,
      "has_new_house": 0,
      "has_rent_focus": 0,
      "city_id": 469030,
      "new_rent": 1,
      "has_visit": 0,
      "has_focus": 0,
      "has_more_secd_price": 0,
      "asset_switch": 0,
      "android_perform": False,
      "use_lj_im": 1,
      "latitude": 19.039771,
      "home_url": "lianjiabeike://ershoufang/home",
      "seller_appid": 100,
      "has_selling": 0,
      "has_qanda": 0,
      "has_evaluate_v2": 0,
      "community_comment_switch": 0,
      "is_wk_view": 1,
      "has_secondhand_price": 0,
      "asset_is_new": 0,
      "live_find": 0,
      "has_ershoufang": 0,
      "has_more_new_price": 0,
      "has_new_price": 0,
      "abbr": "qz",
      "has_rent": 0,
      "map_entrance": 1,
      "city_name": "琼中",
      "is_new_school_page": 0,
      "has_new_house_entry": 0,
      "is_sellv2": 0,
      "has_baichuan": 0,
      "m_url": "http://m.lianjia.com/you/hnqz/",
      "longitude": 109.861849,
      "community_yezhu_switch": 0,
      "has_guide_button": 0
    },
    {
      "has_evaluate": 0,
      "has_new_house": 0,
      "has_rent_focus": 0,
      "city_id": 469003,
      "new_rent": 1,
      "has_visit": 0,
      "has_focus": 0,
      "has_more_secd_price": 0,
      "asset_switch": 0,
      "android_perform": False,
      "use_lj_im": 1,
      "latitude": 19.571153,
      "home_url": "lianjiabeike://ershoufang/home",
      "seller_appid": 100,
      "has_selling": 0,
      "has_qanda": 0,
      "has_evaluate_v2": 0,
      "community_comment_switch": 0,
      "is_wk_view": 1,
      "has_secondhand_price": 0,
      "asset_is_new": 0,
      "live_find": 0,
      "has_ershoufang": 0,
      "has_more_new_price": 0,
      "has_new_price": 0,
      "abbr": "dz",
      "has_rent": 0,
      "map_entrance": 1,
      "city_name": "儋州",
      "is_new_school_page": 0,
      "has_new_house_entry": 0,
      "is_sellv2": 0,
      "has_baichuan": 0,
      "m_url": "https://m.lianjia.com/you/hndz/",
      "longitude": 109.413973,
      "community_yezhu_switch": 0,
      "has_guide_button": 0
    },
    {
      "has_evaluate": 0,
      "has_new_house": 0,
      "has_rent_focus": 0,
      "city_id": 469001,
      "new_rent": 1,
      "has_visit": 0,
      "has_focus": 0,
      "has_more_secd_price": 0,
      "asset_switch": 0,
      "android_perform": False,
      "use_lj_im": 1,
      "latitude": 18.831306,
      "home_url": "lianjiabeike://ershoufang/home",
      "seller_appid": 100,
      "has_selling": 0,
      "has_qanda": 0,
      "has_evaluate_v2": 0,
      "community_comment_switch": 0,
      "is_wk_view": 1,
      "has_secondhand_price": 0,
      "asset_is_new": 0,
      "live_find": 0,
      "has_ershoufang": 0,
      "has_more_new_price": 0,
      "has_new_price": 0,
      "abbr": "wzs",
      "has_rent": 0,
      "map_entrance": 1,
      "city_name": "五指山",
      "is_new_school_page": 0,
      "has_new_house_entry": 0,
      "is_sellv2": 0,
      "has_baichuan": 0,
      "m_url": "https://m.lianjia.com/you/hnwzs/",
      "longitude": 109.51775,
      "community_yezhu_switch": 0,
      "has_guide_button": 0
    },
    {
      "has_evaluate": 0,
      "has_new_house": 0,
      "has_rent_focus": 0,
      "city_id": 469029,
      "new_rent": 1,
      "has_visit": 0,
      "has_focus": 0,
      "has_more_secd_price": 0,
      "asset_switch": 0,
      "android_perform": False,
      "use_lj_im": 1,
      "latitude": 18.597592,
      "home_url": "lianjiabeike://ershoufang/home",
      "seller_appid": 100,
      "has_selling": 0,
      "has_qanda": 0,
      "has_evaluate_v2": 0,
      "community_comment_switch": 0,
      "is_wk_view": 1,
      "has_secondhand_price": 0,
      "asset_is_new": 0,
      "live_find": 0,
      "has_ershoufang": 0,
      "has_more_new_price": 0,
      "has_new_price": 0,
      "abbr": "bt",
      "has_rent": 0,
      "map_entrance": 1,
      "city_name": "保亭",
      "is_new_school_page": 0,
      "has_new_house_entry": 0,
      "is_sellv2": 0,
      "has_baichuan": 0,
      "m_url": "https://m.lianjia.com/you/hnbt/",
      "longitude": 109.656113,
      "community_yezhu_switch": 0,
      "has_guide_button": 0
    },
    {
      "has_evaluate": 0,
      "has_new_house": 0,
      "has_rent_focus": 0,
      "city_id": 469027,
      "new_rent": 1,
      "has_visit": 0,
      "has_focus": 0,
      "has_more_secd_price": 0,
      "asset_switch": 0,
      "android_perform": False,
      "use_lj_im": 1,
      "latitude": 18.658614,
      "home_url": "lianjiabeike://ershoufang/home",
      "seller_appid": 100,
      "has_selling": 0,
      "has_qanda": 0,
      "has_evaluate_v2": 0,
      "community_comment_switch": 0,
      "is_wk_view": 1,
      "has_secondhand_price": 0,
      "asset_is_new": 0,
      "live_find": 0,
      "has_ershoufang": 0,
      "has_more_new_price": 0,
      "has_new_price": 0,
      "abbr": "ld",
      "has_rent": 0,
      "map_entrance": 1,
      "city_name": "乐东",
      "is_new_school_page": 0,
      "has_new_house_entry": 0,
      "is_sellv2": 0,
      "has_baichuan": 0,
      "m_url": "https://m.lianjia.com/you/hnld/",
      "longitude": 109.062698,
      "community_yezhu_switch": 0,
      "has_guide_button": 0
    }
  ],
  "sign": "fb8cd00ce7a70d03176367c8712e1721"
}