{
  "info": [
    {
      "city_id": "110000",
      "city_name": "北京",
      "district": [
        {
          "district_id": "23008611",
          "district_name": "昌平",
          "quanpin": "changping",
          "latitude": "40.2254152452",
          "longitude": "116.23936485567",
          "positionBorder": ""
        },
        {
          "district_id": "23008613",
          "district_name": "朝阳",
          "quanpin": "chaoyang",
          "latitude": "39.941870226449",
          "longitude": "116.51560779421",
          "positionBorder": ""
        },
        {
          "district_id": "23008614",
          "district_name": "东城",
          "quanpin": "dongcheng",
          "latitude": "39.918649000289",
          "longitude": "116.42447316303",
          "positionBorder": ""
        },
        {
          "district_id": "23008615",
          "district_name": "大兴",
          "quanpin": "daxing",
          "latitude": "39.732475753738",
          "longitude": "116.35616519116",
          "positionBorder": ""
        },
        {
          "district_id": "23008616",
          "district_name": "房山",
          "quanpin": "fangshan",
          "latitude": "39.729988560946",
          "longitude": "116.1380205325",
          "positionBorder": ""
        },
        {
          "district_id": "23008617",
          "district_name": "丰台",
          "quanpin": "fengtai",
          "latitude": "39.856482924451",
          "longitude": "116.2745350184",
          "positionBorder": ""
        },
        {
          "district_id": "23008618",
          "district_name": "海淀",
          "quanpin": "haidian",
          "latitude": "39.988146111109",
          "longitude": "116.31928440197",
          "positionBorder": ""
        },
        {
          "district_id": "23008619",
          "district_name": "怀柔",
          "quanpin": "huairou",
          "latitude": "40.347397522906",
          "longitude": "116.65006125307",
          "positionBorder": ""
        },
        {
          "district_id": "23008620",
          "district_name": "门头沟",
          "quanpin": "mentougou",
          "latitude": "39.914751032922",
          "longitude": "116.11693954783",
          "positionBorder": ""
        },
        {
          "district_id": "23008621",
          "district_name": "密云",
          "quanpin": "miyun",
          "latitude": "40.391839887884",
          "longitude": "116.85485407577",
          "positionBorder": ""
        },
        {
          "district_id": "23008622",
          "district_name": "平谷",
          "quanpin": "pinggu",
          "latitude": "40.149397302875",
          "longitude": "117.12371117513",
          "positionBorder": ""
        },
        {
          "district_id": "23008623",
          "district_name": "石景山",
          "quanpin": "shijingshan",
          "latitude": "39.927380788933",
          "longitude": "116.1881220088",
          "positionBorder": ""
        },
        {
          "district_id": "23008624",
          "district_name": "顺义",
          "quanpin": "shunyi",
          "latitude": "40.143652317363",
          "longitude": "116.65925154446",
          "positionBorder": ""
        },
        {
          "district_id": "23008625",
          "district_name": "通州",
          "quanpin": "tongzhou",
          "latitude": "39.899697215983",
          "longitude": "116.66910860993",
          "positionBorder": ""
        },
        {
          "district_id": "23008626",
          "district_name": "西城",
          "quanpin": "xicheng",
          "latitude": "39.910041817755",
          "longitude": "116.36960374452",
          "positionBorder": ""
        },
        {
          "district_id": "23008628",
          "district_name": "延庆",
          "quanpin": "yanqing",
          "latitude": "40.461932306287",
          "longitude": "115.98166187113",
          "positionBorder": ""
        },
        {
          "district_id": "23008629",
          "district_name": "亦庄开发区",
          "quanpin": "yizhuangkaifaqu",
          "latitude": "39.787661925087",
          "longitude": "116.51437283867",
          "positionBorder": ""
        },
        {
          "district_id": "23008631",
          "district_name": "燕郊",
          "quanpin": "yanjiao",
          "longitude": "116.83169234643",
          "latitude": "39.956500361571",
          "regions": [
            "23008631"
          ]
        },
        {
          "district_id": "131002",
          "district_name": "安次",
          "quanpin": "anci",
          "longitude": "116.74998819192",
          "latitude": "39.376763258135",
          "regions": [
            "131002"
          ]
        },
        {
          "district_id": "131003",
          "district_name": "广阳",
          "quanpin": "guangyang",
          "longitude": "116.68067927445",
          "latitude": "39.557958251291",
          "regions": [
            "131003"
          ]
        },
        {
          "district_id": "120114",
          "district_name": "武清",
          "quanpin": "wuqing",
          "longitude": "117.06129760462",
          "latitude": "39.412681669173",
          "regions": [
            "120114"
          ]
        },
        {
          "district_id": "131022",
          "district_name": "固安",
          "quanpin": "guan",
          "longitude": "116.31447574806",
          "latitude": "39.429455350429",
          "regions": [
            "131022"
          ]
        },
        {
          "district_id": "131023",
          "district_name": "永清",
          "quanpin": "yongqing",
          "longitude": "116.5045787507",
          "latitude": "39.32943094382",
          "regions": [
            "131023"
          ]
        },
        {
          "district_id": "131024",
          "district_name": "香河",
          "quanpin": "xianghe",
          "longitude": "117.01714902706",
          "latitude": "39.767740063313",
          "regions": [
            "131024"
          ]
        },
        {
          "district_id": "990007",
          "district_name": "廊坊经济技术开发区",
          "quanpin": "langfangjingjijishu",
          "longitude": "116.78103240604",
          "latitude": "39.574351193105",
          "regions": [
            "990007"
          ]
        },
        {
          "district_id": "131028",
          "district_name": "大厂",
          "quanpin": "dachang",
          "longitude": "116.99167933649",
          "latitude": "39.892102673066",
          "regions": [
            "131028"
          ]
        }
      ],
      "subway_line": [
        {
          "subway_line_id": "647",
          "subway_line_name": "1号线",
          "baidu_subway_line_id": "3e210d94b51b7a184107c1b7"
        },
        {
          "subway_line_id": "648",
          "subway_line_name": "2号线",
          "baidu_subway_line_id": "9dc3b3dab4becfaea2a934b7"
        },
        {
          "subway_line_id": "656",
          "subway_line_name": "4号线",
          "baidu_subway_line_id": "277df81e6219d2b192114c6c"
        },
        {
          "subway_line_id": "649",
          "subway_line_name": "5号线",
          "baidu_subway_line_id": "76464b1774e4f36841d63eb7"
        },
        {
          "subway_line_id": "46107350",
          "subway_line_name": "6号线",
          "baidu_subway_line_id": "c813960a8a3d3ac08adb73cc"
        },
        {
          "subway_line_id": "46537785",
          "subway_line_name": "7号线",
          "baidu_subway_line_id": "9720448fad9bd8b1f50e778f"
        },
        {
          "subway_line_id": "659",
          "subway_line_name": "8号线",
          "baidu_subway_line_id": "d25acca9ad2e8a57f21937ac"
        },
        {
          "subway_line_id": "43145267",
          "subway_line_name": "9号线",
          "baidu_subway_line_id": "3494dc1e4c1e9a9b3ce231ac"
        },
        {
          "subway_line_id": "651",
          "subway_line_name": "10号线",
          "baidu_subway_line_id": "28d3dce37526799f49fd3fb7"
        },
        {
          "subway_line_id": "652",
          "subway_line_name": "13号线",
          "baidu_subway_line_id": "7ad85451ff003ccb5d17c3b7"
        },
        {
          "subway_line_id": "46461179",
          "subway_line_name": "14号线(东段)",
          "baidu_subway_line_id": "d79471cb1c5e11681029359e"
        },
        {
          "subway_line_id": "1110790465974155",
          "subway_line_name": "14号线(西段)",
          "baidu_subway_line_id": "8816b6b9de1f0ace70210bcd"
        },
        {
          "subway_line_id": "43143633",
          "subway_line_name": "15号线",
          "baidu_subway_line_id": "6363d7f82d1625bed7b74e6c"
        },
        {
          "subway_line_id": "653",
          "subway_line_name": "八通线",
          "baidu_subway_line_id": "32955707ba85655ecae33cb7"
        },
        {
          "subway_line_id": "43144847",
          "subway_line_name": "亦庄线",
          "baidu_subway_line_id": "15ca3c2994fb88054acc4a6c"
        },
        {
          "subway_line_id": "43144993",
          "subway_line_name": "昌平线",
          "baidu_subway_line_id": "0f5b9ac71003a249c41e516c"
        },
        {
          "subway_line_id": "43145111",
          "subway_line_name": "房山线",
          "baidu_subway_line_id": "5485ae11a3f0eefe00294f6c"
        },
        {
          "subway_line_id": "654",
          "subway_line_name": "机场线",
          "baidu_subway_line_id": "8a23b4a9ad2e8a57f21937b7"
        }
      ]
    },
    {
      "city_id": "120000",
      "city_name": "天津",
      "district": [
        {
          "district_id": "120101",
          "district_name": "和平",
          "quanpin": "heping",
          "latitude": "39.125367088453",
          "longitude": "117.20323116971",
          "positionBorder": ""
        },
        {
          "district_id": "120102",
          "district_name": "河东",
          "quanpin": "hedong",
          "latitude": "39.127587773803",
          "longitude": "117.2568165191",
          "positionBorder": ""
        },
        {
          "district_id": "120103",
          "district_name": "河西",
          "quanpin": "hexi",
          "latitude": "39.086002426511",
          "longitude": "117.23797243771",
          "positionBorder": ""
        },
        {
          "district_id": "120104",
          "district_name": "南开",
          "quanpin": "nankai",
          "latitude": "39.119719237959",
          "longitude": "117.16081563706",
          "positionBorder": ""
        },
        {
          "district_id": "120105",
          "district_name": "河北",
          "quanpin": "hebei",
          "latitude": "39.168129856964",
          "longitude": "117.22418509892",
          "positionBorder": ""
        },
        {
          "district_id": "120106",
          "district_name": "红桥",
          "quanpin": "hongqiao",
          "latitude": "39.170896623818",
          "longitude": "117.16052678584",
          "positionBorder": ""
        },
        {
          "district_id": "120107",
          "district_name": "塘沽",
          "quanpin": "tanggu",
          "latitude": "39.047160374839",
          "longitude": "117.62580809109",
          "positionBorder": ""
        },
        {
          "district_id": "120110",
          "district_name": "东丽",
          "quanpin": "dongli",
          "latitude": "39.14255081862",
          "longitude": "117.42868436422",
          "positionBorder": ""
        },
        {
          "district_id": "120111",
          "district_name": "西青",
          "quanpin": "xiqing",
          "latitude": "39.030868169696",
          "longitude": "117.14262209052",
          "positionBorder": ""
        },
        {
          "district_id": "120112",
          "district_name": "津南",
          "quanpin": "jinnan",
          "latitude": "38.96938763002",
          "longitude": "117.42515625581",
          "positionBorder": ""
        },
        {
          "district_id": "120113",
          "district_name": "北辰",
          "quanpin": "beichen",
          "latitude": "39.250492559506",
          "longitude": "117.16394402219",
          "positionBorder": ""
        },
        {
          "district_id": "120114",
          "district_name": "武清",
          "quanpin": "wuqing",
          "latitude": "39.412681669173",
          "longitude": "117.06129760462",
          "positionBorder": ""
        },
        {
          "district_id": "120116",
          "district_name": "滨海新区",
          "quanpin": "binhaixinqu",
          "latitude": "38.840975105883",
          "longitude": "117.50075576209",
          "positionBorder": ""
        },
        {
          "district_id": "120119",
          "district_name": "开发区",
          "quanpin": "kaifaqutj",
          "latitude": "39.060690540288",
          "longitude": "117.71583697295",
          "positionBorder": ""
        },
        {
          "district_id": "120215",
          "district_name": "宝坻",
          "quanpin": "baodi",
          "latitude": "39.622722267926",
          "longitude": "117.4299209767",
          "positionBorder": ""
        },
        {
          "district_id": "120221",
          "district_name": "宁河",
          "quanpin": "ninghe",
          "latitude": "39.336088820341",
          "longitude": "117.65965203384",
          "positionBorder": ""
        },
        {
          "district_id": "120223",
          "district_name": "静海",
          "quanpin": "jinghai",
          "latitude": "38.858805028736",
          "longitude": "116.98631498864",
          "positionBorder": ""
        },
        {
          "district_id": "120225",
          "district_name": "蓟县",
          "quanpin": "jixian",
          "latitude": "40.043115303704",
          "longitude": "117.41688265107",
          "positionBorder": ""
        }
      ],
      "subway_line": [
        {
          "subway_line_id": "110458001",
          "subway_line_name": "1号线",
          "baidu_subway_line_id": "3c7212e1e517aeb948fc8d5e"
        },
        {
          "subway_line_id": "110458002",
          "subway_line_name": "2号线",
          "baidu_subway_line_id": "eb798ca721f094a72de67b1c"
        },
        {
          "subway_line_id": "110458003",
          "subway_line_name": "3号线",
          "baidu_subway_line_id": "5cd8732994fb88054acc4a62"
        },
        {
          "subway_line_id": "1213444528222088",
          "subway_line_name": "6号线",
          "baidu_subway_line_id": "97455559539b2225e856fa3a"
        },
        {
          "subway_line_id": "110458004",
          "subway_line_name": "津滨9号线",
          "baidu_subway_line_id": "a64b091028f771b516948e5e"
        }
      ]
    },
    {
      "city_id": "310000",
      "city_name": "上海",
      "district": [
        {
          "district_id": "310101",
          "district_name": "黄浦",
          "quanpin": "huangpu",
          "latitude": "31.220653367568",
          "longitude": "121.4885866714",
          "positionBorder": ""
        },
        {
          "district_id": "310104",
          "district_name": "徐汇",
          "quanpin": "xuhui",
          "latitude": "31.175099050243",
          "longitude": "121.44511349965",
          "positionBorder": ""
        },
        {
          "district_id": "310105",
          "district_name": "长宁",
          "quanpin": "changning",
          "latitude": "31.211508734277",
          "longitude": "121.38792330882",
          "positionBorder": ""
        },
        {
          "district_id": "310106",
          "district_name": "静安",
          "quanpin": "jingan",
          "latitude": "31.23179251434",
          "longitude": "121.45355805668",
          "positionBorder": ""
        },
        {
          "district_id": "310107",
          "district_name": "普陀",
          "quanpin": "putuo",
          "latitude": "31.256755712078",
          "longitude": "121.40750324592",
          "positionBorder": ""
        },
        {
          "district_id": "310108",
          "district_name": "闸北",
          "quanpin": "zhabei",
          "latitude": "31.287034341884",
          "longitude": "121.45176790104",
          "positionBorder": ""
        },
        {
          "district_id": "310109",
          "district_name": "虹口",
          "quanpin": "hongkou",
          "latitude": "31.28334662119",
          "longitude": "121.48951226634",
          "positionBorder": ""
        },
        {
          "district_id": "310110",
          "district_name": "杨浦",
          "quanpin": "yangpu",
          "latitude": "31.294892964018",
          "longitude": "121.53592027961",
          "positionBorder": ""
        },
        {
          "district_id": "310112",
          "district_name": "闵行",
          "quanpin": "minhang",
          "latitude": "31.091185835136",
          "longitude": "121.40817118429",
          "positionBorder": ""
        },
        {
          "district_id": "310113",
          "district_name": "宝山",
          "quanpin": "baoshan",
          "latitude": "31.369477510376",
          "longitude": "121.42883034102",
          "positionBorder": ""
        },
        {
          "district_id": "310114",
          "district_name": "嘉定",
          "quanpin": "jiading",
          "latitude": "31.318139102222",
          "longitude": "121.28505364959",
          "positionBorder": ""
        },
        {
          "district_id": "310115",
          "district_name": "浦东",
          "quanpin": "pudongxinqu",
          "latitude": "31.208001618509",
          "longitude": "121.60653130552",
          "positionBorder": ""
        },
        {
          "district_id": "310116",
          "district_name": "金山",
          "quanpin": "jinshan",
          "latitude": "30.75156837062",
          "longitude": "121.32638856456",
          "positionBorder": ""
        },
        {
          "district_id": "310117",
          "district_name": "松江",
          "quanpin": "songjiang",
          "latitude": "31.045701557755",
          "longitude": "121.26515460671",
          "positionBorder": ""
        },
        {
          "district_id": "310118",
          "district_name": "青浦",
          "quanpin": "qingpu",
          "latitude": "31.196892111558",
          "longitude": "121.21689957293",
          "positionBorder": ""
        },
        {
          "district_id": "310120",
          "district_name": "奉贤",
          "quanpin": "fengxian",
          "latitude": "30.891886284874",
          "longitude": "121.56846112969",
          "positionBorder": ""
        },
        {
          "district_id": "310230",
          "district_name": "崇明",
          "quanpin": "chongming",
          "latitude": "31.614064208901",
          "longitude": "121.57680883592",
          "positionBorder": ""
        },
        {
          "district_id": "310333",
          "district_name": "上海周边",
          "quanpin": "shanghaizhoubian",
          "latitude": "31.201273342247",
          "longitude": "120.9564152546",
          "positionBorder": ""
        },
        {
          "district_id": "23009002",
          "district_name": "海外",
          "quanpin": "haiwai",
          "latitude": "32.250194",
          "longitude": "121.19905",
          "positionBorder": ""
        }
      ],
      "subway_line": [
        {
          "subway_line_id": "143685036",
          "subway_line_name": "1号线",
          "baidu_subway_line_id": "3f30cc2f15f096fb9fec2bb7"
        },
        {
          "subway_line_id": "143685058",
          "subway_line_name": "2号线",
          "baidu_subway_line_id": "247689ecaf8ffcb9455726b7,d5376db99cf7cc6a1c1d11cd"
        },
        {
          "subway_line_id": "143684974",
          "subway_line_name": "3号线",
          "baidu_subway_line_id": "9d4cd2f0fb50b53e210220b7"
        },
        {
          "subway_line_id": "143685059",
          "subway_line_name": "4号线",
          "baidu_subway_line_id": "b1c68be301afe8b63b221cb7"
        },
        {
          "subway_line_id": "143685060",
          "subway_line_name": "5号线",
          "baidu_subway_line_id": "cb939b779f05a5aabfa822b7"
        },
        {
          "subway_line_id": "143685061",
          "subway_line_name": "6号线",
          "baidu_subway_line_id": "0e27a9a86ef8036b32f71db7"
        },
        {
          "subway_line_id": "110460726",
          "subway_line_name": "7号线",
          "baidu_subway_line_id": "beb059d6f7fadd4ea4da3940"
        },
        {
          "subway_line_id": "143685063",
          "subway_line_name": "8号线",
          "baidu_subway_line_id": "2d6cc6ff85250abeb75f1eb7"
        },
        {
          "subway_line_id": "143685064",
          "subway_line_name": "9号线",
          "baidu_subway_line_id": "a533a15f6a82e35a970319b7"
        },
        {
          "subway_line_id": "143685065",
          "subway_line_name": "10号线",
          "baidu_subway_line_id": "e4620f87cf26bf7a14c90569,7aee16cc20927666a80dd8e8"
        },
        {
          "subway_line_id": "143685066",
          "subway_line_name": "11号线",
          "baidu_subway_line_id": "6b2b62b535f607d3cbfa5f45,7413451774e4f36840d63e40"
        },
        {
          "subway_line_id": "110460731",
          "subway_line_name": "12号线",
          "baidu_subway_line_id": "d3d9126cf9d10c7abca822b5"
        },
        {
          "subway_line_id": "110460732",
          "subway_line_name": "13号线",
          "baidu_subway_line_id": "8cb221172f25114bd52ce2cd"
        },
        {
          "subway_line_id": "110460733",
          "subway_line_name": "16号线",
          "baidu_subway_line_id": "88bb4fc536955de3b5147fa9"
        },
        {
          "subway_line_id": "99620692",
          "subway_line_name": "17号线",
          "baidu_subway_line_id": ""
        }
      ]
    },
    {
      "city_id": "510100",
      "city_name": "成都",
      "district": [
        {
          "district_id": "510104",
          "district_name": "锦江",
          "quanpin": "jinjiang",
          "latitude": "30.631792930153",
          "longitude": "104.11184377687",
          "positionBorder": ""
        },
        {
          "district_id": "510105",
          "district_name": "青羊",
          "quanpin": "qingyang",
          "latitude": "30.673705549865",
          "longitude": "104.0250546995",
          "positionBorder": ""
        },
        {
          "district_id": "510106",
          "district_name": "金牛",
          "quanpin": "jinniu",
          "latitude": "30.711579640801",
          "longitude": "104.05502980433",
          "positionBorder": ""
        },
        {
          "district_id": "510107",
          "district_name": "武侯",
          "quanpin": "wuhou",
          "latitude": "30.642962853222",
          "longitude": "104.03881939208",
          "positionBorder": ""
        },
        {
          "district_id": "510108",
          "district_name": "成华",
          "quanpin": "chenghua",
          "latitude": "30.676802057756",
          "longitude": "104.13204104996",
          "positionBorder": ""
        },
        {
          "district_id": "510112",
          "district_name": "龙泉驿",
          "quanpin": "longquanyi",
          "latitude": "30.562024",
          "longitude": "104.274566",
          "positionBorder": ""
        },
        {
          "district_id": "510113",
          "district_name": "青白江",
          "quanpin": "qingbaijiang",
          "latitude": "30.89086103135",
          "longitude": "104.25837555123",
          "positionBorder": ""
        },
        {
          "district_id": "510114",
          "district_name": "新都",
          "quanpin": "xindou",
          "latitude": "30.829559374266",
          "longitude": "104.18365673628",
          "positionBorder": ""
        },
        {
          "district_id": "510115",
          "district_name": "温江",
          "quanpin": "wenjiang",
          "latitude": "30.698727210531",
          "longitude": "103.8435535959",
          "positionBorder": ""
        },
        {
          "district_id": "510121",
          "district_name": "金堂",
          "quanpin": "jintang",
          "latitude": "30.848866733153",
          "longitude": "104.44088205092",
          "positionBorder": ""
        },
        {
          "district_id": "510122",
          "district_name": "双流",
          "quanpin": "shuangliu",
          "latitude": "30.612969442112",
          "longitude": "103.86652978345",
          "positionBorder": ""
        },
        {
          "district_id": "510124",
          "district_name": "郫县",
          "quanpin": "pixian",
          "latitude": "30.814910311649",
          "longitude": "103.88837671014",
          "positionBorder": ""
        },
        {
          "district_id": "510129",
          "district_name": "大邑",
          "quanpin": "dayi",
          "latitude": "30.584676026793",
          "longitude": "103.53282520685",
          "positionBorder": ""
        },
        {
          "district_id": "510131",
          "district_name": "蒲江",
          "quanpin": "pujiang",
          "latitude": "30.217163122131",
          "longitude": "103.5273368506",
          "positionBorder": ""
        },
        {
          "district_id": "510132",
          "district_name": "新津",
          "quanpin": "xinjin",
          "latitude": "30.429740117917",
          "longitude": "103.82333452219",
          "positionBorder": ""
        },
        {
          "district_id": "510181",
          "district_name": "都江堰",
          "quanpin": "doujiangyan",
          "latitude": "30.995080063356",
          "longitude": "103.63305299972",
          "positionBorder": ""
        },
        {
          "district_id": "510182",
          "district_name": "彭州",
          "quanpin": "pengzhou",
          "latitude": "30.986135924006",
          "longitude": "103.95404267391",
          "positionBorder": ""
        },
        {
          "district_id": "510183",
          "district_name": "邛崃",
          "quanpin": "qionglai",
          "latitude": "30.413746128559",
          "longitude": "103.47056768494",
          "positionBorder": ""
        },
        {
          "district_id": "510184",
          "district_name": "崇州",
          "quanpin": "chongzhou1",
          "latitude": "30.633470343083",
          "longitude": "103.67727215943",
          "positionBorder": ""
        },
        {
          "district_id": "990002",
          "district_name": "高新",
          "quanpin": "gaoxin7",
          "latitude": "30.598387243821",
          "longitude": "104.07241906727",
          "positionBorder": ""
        },
        {
          "district_id": "23008850",
          "district_name": "天府新区",
          "quanpin": "tianfuxinqu",
          "latitude": "30.5116659419",
          "longitude": "104.05943467826",
          "positionBorder": ""
        },
        {
          "district_id": "23009067",
          "district_name": "彭山",
          "quanpin": "pengshan",
          "latitude": "30.197954",
          "longitude": "103.885518",
          "positionBorder": ""
        }
      ],
      "subway_line": [
        {
          "subway_line_id": "110460717",
          "subway_line_name": "1号线",
          "baidu_subway_line_id": "d4d33fd4eab8d63de215f9b0"
        },
        {
          "subway_line_id": "110460718",
          "subway_line_name": "2号线",
          "baidu_subway_line_id": "097609f755192ee8dad8911d"
        },
        {
          "subway_line_id": "1613492049948368",
          "subway_line_name": "3号线",
          "baidu_subway_line_id": ""
        },
        {
          "subway_line_id": "168216086851433",
          "subway_line_name": "4号线",
          "baidu_subway_line_id": "7c66baf216b4d20af8dc853a"
        }
      ]
    },
    {
      "city_id": "320100",
      "city_name": "南京",
      "district": [
        {
          "district_id": "320102",
          "district_name": "玄武",
          "quanpin": "xuanwu",
          "latitude": "32.079095551281",
          "longitude": "118.82018505399",
          "positionBorder": ""
        },
        {
          "district_id": "320104",
          "district_name": "秦淮",
          "quanpin": "qinhuai",
          "latitude": "32.017657184107",
          "longitude": "118.81742157658",
          "positionBorder": ""
        },
        {
          "district_id": "320105",
          "district_name": "建邺",
          "quanpin": "jianye",
          "latitude": "31.987732311205",
          "longitude": "118.71758438551",
          "positionBorder": ""
        },
        {
          "district_id": "320106",
          "district_name": "鼓楼",
          "quanpin": "gulou",
          "latitude": "32.063510440383",
          "longitude": "118.76712445708",
          "positionBorder": ""
        },
        {
          "district_id": "320111",
          "district_name": "浦口",
          "quanpin": "pukou",
          "latitude": "32.021814559402",
          "longitude": "118.55923958717",
          "positionBorder": ""
        },
        {
          "district_id": "320113",
          "district_name": "栖霞",
          "quanpin": "qixia",
          "latitude": "32.137173822125",
          "longitude": "118.90480004898",
          "positionBorder": ""
        },
        {
          "district_id": "320114",
          "district_name": "雨花台",
          "quanpin": "yuhuatai",
          "latitude": "31.938022046084",
          "longitude": "118.6791749356",
          "positionBorder": ""
        },
        {
          "district_id": "320115",
          "district_name": "江宁",
          "quanpin": "jiangning",
          "latitude": "31.938963935068",
          "longitude": "118.84892081893",
          "positionBorder": ""
        },
        {
          "district_id": "320116",
          "district_name": "六合",
          "quanpin": "liuhe",
          "latitude": "32.229681990578",
          "longitude": "118.7571075914",
          "positionBorder": ""
        },
        {
          "district_id": "320124",
          "district_name": "溧水",
          "quanpin": "lishui",
          "latitude": "31.668838119113",
          "longitude": "119.04639672187",
          "positionBorder": ""
        },
        {
          "district_id": "320125",
          "district_name": "高淳",
          "quanpin": "gaochun",
          "latitude": "31.335421625319",
          "longitude": "118.89315170665",
          "positionBorder": ""
        }
      ],
      "subway_line": [
        {
          "subway_line_id": "110460689",
          "subway_line_name": "1号线",
          "baidu_subway_line_id": "94ec7cb90c0014f8b6147fec"
        },
        {
          "subway_line_id": "110460690",
          "subway_line_name": "2号线",
          "baidu_subway_line_id": "71110a0d5e1613f0b2077dec"
        },
        {
          "subway_line_id": "99666695",
          "subway_line_name": "3号线",
          "baidu_subway_line_id": "ddf66c9323eefca1b6f42fb4"
        },
        {
          "subway_line_id": "110460691",
          "subway_line_name": "10号线",
          "baidu_subway_line_id": "69637c486e97b11b46572623"
        },
        {
          "subway_line_id": "99785159",
          "subway_line_name": "S1机场线",
          "baidu_subway_line_id": "9a5e187c6290d84988b9886b"
        },
        {
          "subway_line_id": "99785188",
          "subway_line_name": "S8号线",
          "baidu_subway_line_id": "eb3196b7ee4a2a8402294fc2"
        }
      ]
    },
    {
      "city_id": "330100",
      "city_name": "杭州",
      "district": [
        {
          "district_id": "330102",
          "district_name": "上城",
          "quanpin": "shangcheng",
          "latitude": "30.23891930114",
          "longitude": "120.18653681537",
          "positionBorder": ""
        },
        {
          "district_id": "330103",
          "district_name": "下城",
          "quanpin": "xiacheng",
          "latitude": "30.31447215142",
          "longitude": "120.18092484803",
          "positionBorder": ""
        },
        {
          "district_id": "330104",
          "district_name": "江干",
          "quanpin": "jianggan",
          "latitude": "30.312669856448",
          "longitude": "120.2953630072",
          "positionBorder": ""
        },
        {
          "district_id": "330105",
          "district_name": "拱墅",
          "quanpin": "gongshu",
          "latitude": "30.339871583945",
          "longitude": "120.15668488207",
          "positionBorder": ""
        },
        {
          "district_id": "330106",
          "district_name": "西湖",
          "quanpin": "xihu",
          "latitude": "30.220783135528",
          "longitude": "120.09103889901",
          "positionBorder": ""
        },
        {
          "district_id": "330108",
          "district_name": "滨江",
          "quanpin": "binjiang",
          "latitude": "30.183248703692",
          "longitude": "120.19588368658",
          "positionBorder": ""
        },
        {
          "district_id": "330109",
          "district_name": "萧山",
          "quanpin": "xiaoshan",
          "latitude": "30.183821424941",
          "longitude": "120.32398656421",
          "positionBorder": ""
        },
        {
          "district_id": "330110",
          "district_name": "余杭",
          "quanpin": "yuhang",
          "latitude": "30.383399310373",
          "longitude": "119.99408348806",
          "positionBorder": ""
        },
        {
          "district_id": "330122",
          "district_name": "桐庐",
          "quanpin": "tonglu1",
          "latitude": "29.823123711145",
          "longitude": "119.57233090595",
          "positionBorder": ""
        },
        {
          "district_id": "330127",
          "district_name": "淳安",
          "quanpin": "chunan1",
          "latitude": "29.578301261467",
          "longitude": "118.85993133698",
          "positionBorder": ""
        },
        {
          "district_id": "330182",
          "district_name": "建德",
          "quanpin": "jiande",
          "latitude": "29.466518768417",
          "longitude": "119.41238522976",
          "positionBorder": ""
        },
        {
          "district_id": "330183",
          "district_name": "富阳",
          "quanpin": "fuyang",
          "latitude": "30.002478203695",
          "longitude": "119.89187879631",
          "positionBorder": ""
        },
        {
          "district_id": "330185",
          "district_name": "临安",
          "quanpin": "linan",
          "latitude": "30.221297712255",
          "longitude": "119.33476743608",
          "positionBorder": ""
        },
        {
          "district_id": "23009015",
          "district_name": "海宁市",
          "quanpin": "hainingshi",
          "latitude": "30.517543",
          "longitude": "120.686591",
          "positionBorder": ""
        }
      ],
      "subway_line": [
        {
          "subway_line_id": "110460707",
          "subway_line_name": "1号线",
          "baidu_subway_line_id": "5e9f3bfca993829689b98863,868e291028f771b516948e63"
        },
        {
          "subway_line_id": "189500791680395",
          "subway_line_name": "2号线",
          "baidu_subway_line_id": ""
        },
        {
          "subway_line_id": "189503468170337",
          "subway_line_name": "4号线",
          "baidu_subway_line_id": ""
        }
      ]
    },
    {
      "city_id": "370200",
      "city_name": "青岛",
      "district": [
        {
          "district_id": "370202",
          "district_name": "市南",
          "quanpin": "shinan",
          "latitude": "36.078275495436",
          "longitude": "120.39212337412",
          "positionBorder": ""
        },
        {
          "district_id": "370203",
          "district_name": "市北",
          "quanpin": "shibei",
          "latitude": "36.090324960748",
          "longitude": "120.36172016009",
          "positionBorder": ""
        },
        {
          "district_id": "370205",
          "district_name": "四方",
          "quanpin": "sifang",
          "latitude": "36.129878856285",
          "longitude": "120.37230116364",
          "positionBorder": ""
        },
        {
          "district_id": "370211",
          "district_name": "黄岛",
          "quanpin": "huangdao",
          "latitude": "36.008943429604",
          "longitude": "120.18037648087",
          "positionBorder": ""
        },
        {
          "district_id": "370212",
          "district_name": "崂山",
          "quanpin": "laoshan",
          "latitude": "36.121007945734",
          "longitude": "120.47587835715",
          "positionBorder": ""
        },
        {
          "district_id": "370213",
          "district_name": "李沧",
          "quanpin": "licang",
          "latitude": "36.183501199273",
          "longitude": "120.4199630311",
          "positionBorder": ""
        },
        {
          "district_id": "370214",
          "district_name": "城阳",
          "quanpin": "chengyang",
          "latitude": "36.299546511564",
          "longitude": "120.41027015954",
          "positionBorder": ""
        },
        {
          "district_id": "370281",
          "district_name": "胶州",
          "quanpin": "jiaozhou",
          "latitude": "36.289486031051",
          "longitude": "120.01323409468",
          "positionBorder": ""
        },
        {
          "district_id": "370282",
          "district_name": "即墨",
          "quanpin": "jimo",
          "latitude": "36.399429363328",
          "longitude": "120.45520665658",
          "positionBorder": ""
        },
        {
          "district_id": "370283",
          "district_name": "平度",
          "quanpin": "pingdu",
          "latitude": "36.79334279978",
          "longitude": "119.9802313411",
          "positionBorder": ""
        },
        {
          "district_id": "370284",
          "district_name": "胶南",
          "quanpin": "jiaonan",
          "latitude": "35.885199391915",
          "longitude": "120.02229688688",
          "positionBorder": ""
        },
        {
          "district_id": "370285",
          "district_name": "莱西",
          "quanpin": "laixi",
          "latitude": "36.876828360961",
          "longitude": "120.52920388544",
          "positionBorder": ""
        },
        {
          "district_id": "23008902",
          "district_name": "高新",
          "quanpin": "gaoxin6",
          "latitude": "36.24983",
          "longitude": "120.175567",
          "positionBorder": ""
        }
      ],
      "subway_line": []
    },
    {
      "city_id": "210200",
      "city_name": "大连",
      "district": [
        {
          "district_id": "210202",
          "district_name": "中山",
          "quanpin": "zhongshan",
          "latitude": "38.908756825125",
          "longitude": "121.67646599348",
          "positionBorder": ""
        },
        {
          "district_id": "210203",
          "district_name": "西岗",
          "quanpin": "xigang",
          "latitude": "38.912815914798",
          "longitude": "121.62559942012",
          "positionBorder": ""
        },
        {
          "district_id": "210204",
          "district_name": "沙河口",
          "quanpin": "shahekou",
          "latitude": "38.90836",
          "longitude": "121.582329",
          "positionBorder": ""
        },
        {
          "district_id": "210211",
          "district_name": "甘井子",
          "quanpin": "ganjingzi",
          "latitude": "38.979358179579",
          "longitude": "121.54780309221",
          "positionBorder": ""
        },
        {
          "district_id": "210212",
          "district_name": "旅顺口",
          "quanpin": "lvshunkou",
          "latitude": "38.869375175759",
          "longitude": "121.3075736477",
          "positionBorder": ""
        },
        {
          "district_id": "210213",
          "district_name": "金州",
          "quanpin": "jinzhou",
          "latitude": "39.213799138532",
          "longitude": "121.89229564874",
          "positionBorder": ""
        },
        {
          "district_id": "210224",
          "district_name": "长海",
          "quanpin": "changhai",
          "latitude": "39.303034807273",
          "longitude": "122.85511396976",
          "positionBorder": ""
        },
        {
          "district_id": "210281",
          "district_name": "瓦房店",
          "quanpin": "wafangdian",
          "latitude": "39.68868782453",
          "longitude": "121.72260003993",
          "positionBorder": ""
        },
        {
          "district_id": "210282",
          "district_name": "普兰店",
          "quanpin": "pulandian",
          "latitude": "39.634169657055",
          "longitude": "122.31705884576",
          "positionBorder": ""
        },
        {
          "district_id": "210283",
          "district_name": "庄河",
          "quanpin": "zhuanghe",
          "latitude": "39.829522720082",
          "longitude": "123.01831579154",
          "positionBorder": ""
        },
        {
          "district_id": "990004",
          "district_name": "高新园区",
          "quanpin": "gaoxinyuanqu",
          "latitude": "38.8667",
          "longitude": "121.511539",
          "positionBorder": ""
        },
        {
          "district_id": "990006",
          "district_name": "开发区",
          "quanpin": "kaifaqudl",
          "latitude": "39.063740935325",
          "longitude": "121.82054111743",
          "positionBorder": ""
        }
      ],
      "subway_line": [
        {
          "subway_line_id": "137034272493262",
          "subway_line_name": "1号线",
          "baidu_subway_line_id": "fb565ec1d1deaa6782a12e28"
        },
        {
          "subway_line_id": "99545770",
          "subway_line_name": "2号线",
          "baidu_subway_line_id": "7bfa2501bef1aeef3a13fd2f"
        },
        {
          "subway_line_id": "110458005",
          "subway_line_name": "3号线九里支线",
          "baidu_subway_line_id": "c750edf4642893beaeb22ae0"
        },
        {
          "subway_line_id": "110458006",
          "subway_line_name": "3号线九里线",
          "baidu_subway_line_id": "2f3158ff3ca68ebdda2f28e0"
        },
        {
          "subway_line_id": "110458007",
          "subway_line_name": "3号线保税区线",
          "baidu_subway_line_id": "6eb637c0bdf8bae8b6f42fe0"
        },
        {
          "subway_line_id": "110458008",
          "subway_line_name": "3号线金石滩线",
          "baidu_subway_line_id": "9d2367e2f91d160e6cc02ce0"
        }
      ]
    },
    {
      "city_id": "350200",
      "city_name": "厦门",
      "district": [
        {
          "district_id": "23008796",
          "district_name": "思明",
          "quanpin": "siming",
          "latitude": "24.47065190452",
          "longitude": "118.1393913471",
          "positionBorder": ""
        },
        {
          "district_id": "23008797",
          "district_name": "湖里",
          "quanpin": "huli",
          "latitude": "24.525833676087",
          "longitude": "118.15175593927",
          "positionBorder": ""
        },
        {
          "district_id": "23008798",
          "district_name": "翔安",
          "quanpin": "xiangan",
          "latitude": "24.585324730648",
          "longitude": "118.25897329591",
          "positionBorder": ""
        },
        {
          "district_id": "23008799",
          "district_name": "同安",
          "quanpin": "tongan",
          "latitude": "24.681034604534",
          "longitude": "118.14115522293",
          "positionBorder": ""
        },
        {
          "district_id": "23008800",
          "district_name": "集美",
          "quanpin": "jimei",
          "latitude": "24.6092532161",
          "longitude": "118.06694828967",
          "positionBorder": ""
        },
        {
          "district_id": "23008801",
          "district_name": "海沧",
          "quanpin": "haicang",
          "latitude": "24.485396900759",
          "longitude": "118.02685339467",
          "positionBorder": ""
        }
      ],
      "subway_line": []
    },
    {
      "city_id": "420100",
      "city_name": "武汉",
      "district": [
        {
          "district_id": "420113",
          "district_name": "汉南",
          "quanpin": "hannan",
          "latitude": "30.322506894606",
          "longitude": "114.08500252888",
          "positionBorder": ""
        },
        {
          "district_id": "420114",
          "district_name": "蔡甸",
          "quanpin": "caidian",
          "latitude": "30.489093900918",
          "longitude": "114.17413307109",
          "positionBorder": ""
        },
        {
          "district_id": "420115",
          "district_name": "江夏",
          "quanpin": "jiangxia",
          "latitude": "30.44503698033",
          "longitude": "114.42775907744",
          "positionBorder": ""
        },
        {
          "district_id": "420116",
          "district_name": "黄陂",
          "quanpin": "huangbei",
          "latitude": "30.880221150058",
          "longitude": "114.38497393739",
          "positionBorder": ""
        },
        {
          "district_id": "420117",
          "district_name": "新洲",
          "quanpin": "xinzhou",
          "latitude": "30.841459337606",
          "longitude": "114.80721742955",
          "positionBorder": ""
        },
        {
          "district_id": "23008779",
          "district_name": "江岸",
          "quanpin": "jiangan",
          "latitude": "30.621705461474",
          "longitude": "114.31457195832",
          "positionBorder": ""
        },
        {
          "district_id": "23008780",
          "district_name": "江汉",
          "quanpin": "jianghan",
          "latitude": "30.599714720445",
          "longitude": "114.2704059962",
          "positionBorder": ""
        },
        {
          "district_id": "23008781",
          "district_name": "武昌",
          "quanpin": "wuchang",
          "latitude": "30.545715092016",
          "longitude": "114.33807152801",
          "positionBorder": ""
        },
        {
          "district_id": "23008782",
          "district_name": "硚口",
          "quanpin": "qiaokou",
          "latitude": "30.581151549268",
          "longitude": "114.25265829385",
          "positionBorder": ""
        },
        {
          "district_id": "23008783",
          "district_name": "汉阳",
          "quanpin": "hanyang",
          "latitude": "30.54570985833",
          "longitude": "114.263797148",
          "positionBorder": ""
        },
        {
          "district_id": "23008784",
          "district_name": "洪山",
          "quanpin": "hongshan",
          "latitude": "30.487956968411",
          "longitude": "114.41430658993",
          "positionBorder": ""
        },
        {
          "district_id": "23008785",
          "district_name": "东西湖",
          "quanpin": "dongxihu",
          "latitude": "30.622444635134",
          "longitude": "114.14219485266",
          "positionBorder": ""
        },
        {
          "district_id": "23008786",
          "district_name": "青山",
          "quanpin": "qingshan",
          "latitude": "30.638604618619",
          "longitude": "114.40147668886",
          "positionBorder": ""
        }
      ],
      "subway_line": [
        {
          "subway_line_id": "110460697",
          "subway_line_name": "1号线",
          "baidu_subway_line_id": "f2956de0792cf934912ca363"
        },
        {
          "subway_line_id": "110460698",
          "subway_line_name": "2号线",
          "baidu_subway_line_id": "09f84f184009014dfb42b2cd"
        },
        {
          "subway_line_id": "110460699",
          "subway_line_name": "4号线",
          "baidu_subway_line_id": "336719ae98d49284bea2402b"
        },
        {
          "subway_line_id": "378417258779536",
          "subway_line_name": "3号线",
          "baidu_subway_line_id": "84d6955b9a4894b243024511"
        }
      ]
    },
    {
      "city_id": "440300",
      "city_name": "深圳",
      "district": [
        {
          "district_id": "23008672",
          "district_name": "宝安",
          "quanpin": "baoan",
          "latitude": "22.681136030508",
          "longitude": "113.84655466218",
          "positionBorder": ""
        },
        {
          "district_id": "23008673",
          "district_name": "大鹏新区",
          "quanpin": "dapengxinqu",
          "latitude": "22.606415517155",
          "longitude": "114.48375261825",
          "positionBorder": ""
        },
        {
          "district_id": "23008674",
          "district_name": "福田",
          "quanpin": "futian",
          "latitude": "22.547546404654",
          "longitude": "114.05878900681",
          "positionBorder": ""
        },
        {
          "district_id": "23008675",
          "district_name": "光明新区",
          "quanpin": "guangmingxinqu",
          "latitude": "22.764270119616",
          "longitude": "113.92292024907",
          "positionBorder": ""
        },
        {
          "district_id": "23008676",
          "district_name": "龙岗",
          "quanpin": "longgang",
          "latitude": "22.663330039461",
          "longitude": "114.21332952038",
          "positionBorder": ""
        },
        {
          "district_id": "23008677",
          "district_name": "龙华新区",
          "quanpin": "longhuaxinqu",
          "latitude": "22.696156637449",
          "longitude": "114.02530031632",
          "positionBorder": ""
        },
        {
          "district_id": "23008678",
          "district_name": "罗湖",
          "quanpin": "luohu",
          "latitude": "22.575045859153",
          "longitude": "114.15682582743",
          "positionBorder": ""
        },
        {
          "district_id": "23008679",
          "district_name": "南山",
          "quanpin": "nanshan",
          "latitude": "22.532859206473",
          "longitude": "113.94289459583",
          "positionBorder": ""
        },
        {
          "district_id": "23008680",
          "district_name": "坪山新区",
          "quanpin": "pingshanxinqu",
          "latitude": "22.691224851524",
          "longitude": "114.36695722009",
          "positionBorder": ""
        },
        {
          "district_id": "23008681",
          "district_name": "盐田",
          "quanpin": "yantian",
          "latitude": "22.59429535479",
          "longitude": "114.27492890661",
          "positionBorder": ""
        },
        {
          "district_id": "441300",
          "district_name": "惠州",
          "quanpin": "huizhou",
          "longitude": "114.422691",
          "latitude": "23.118805",
          "regions": [
            "23008867",
            "23008868",
            "23008869",
            "23008870",
            "23008871"
          ]
        }
      ],
      "subway_line": [
        {
          "subway_line_id": "110460692",
          "subway_line_name": "1号线(罗宝线）",
          "baidu_subway_line_id": "f19e82a86ef8036b33f71d6c"
        },
        {
          "subway_line_id": "110460693",
          "subway_line_name": "2号线(蛇口线)",
          "baidu_subway_line_id": "45da199b07d9714026e0a0f6"
        },
        {
          "subway_line_id": "110460694",
          "subway_line_name": "3号线(龙岗线)",
          "baidu_subway_line_id": "e4dd65fa9be7ff62c07da229"
        },
        {
          "subway_line_id": "110460695",
          "subway_line_name": "4号线(龙华线)",
          "baidu_subway_line_id": "be8206228cf08f16d5851f6c"
        },
        {
          "subway_line_id": "110460696",
          "subway_line_name": "5号线(环中线)",
          "baidu_subway_line_id": "1588b5155551fea63686f4ec"
        },
        {
          "subway_line_id": "2413200637833233",
          "subway_line_name": "11号线",
          "baidu_subway_line_id": "51a8d3da63047064fa42b2d8"
        }
      ]
    },
    {
      "city_id": "500000",
      "city_name": "重庆",
      "district": [
        {
          "district_id": "500101",
          "district_name": "万州",
          "quanpin": "wanzhou",
          "latitude": "30.808663167035",
          "longitude": "108.41866138283",
          "positionBorder": ""
        },
        {
          "district_id": "500102",
          "district_name": "涪陵",
          "quanpin": "fuling",
          "latitude": "29.705012246165",
          "longitude": "107.40078319127",
          "positionBorder": ""
        },
        {
          "district_id": "500110",
          "district_name": "万盛",
          "quanpin": "wansheng",
          "latitude": "28.956749178691",
          "longitude": "106.9363339715",
          "positionBorder": ""
        },
        {
          "district_id": "500111",
          "district_name": "双桥 ",
          "quanpin": "shuangqiao1",
          "latitude": "29.493100522912",
          "longitude": "105.78126515211",
          "positionBorder": ""
        },
        {
          "district_id": "500114",
          "district_name": "黔江",
          "quanpin": "qianjiang",
          "latitude": "29.535943518199",
          "longitude": "108.78148137453",
          "positionBorder": ""
        },
        {
          "district_id": "500115",
          "district_name": "长寿",
          "quanpin": "changshou1",
          "latitude": "29.860768913508",
          "longitude": "107.09189907474",
          "positionBorder": ""
        },
        {
          "district_id": "500116",
          "district_name": "江津",
          "quanpin": "jiangjing",
          "latitude": "29.292052045036",
          "longitude": "106.2693284563",
          "positionBorder": ""
        },
        {
          "district_id": "500117",
          "district_name": "璧山",
          "quanpin": "bishan",
          "latitude": "29.593117156045",
          "longitude": "106.23752393875",
          "positionBorder": ""
        },
        {
          "district_id": "500118",
          "district_name": "綦江",
          "quanpin": "qijiang",
          "latitude": "29.030365422112",
          "longitude": "106.66149005474",
          "positionBorder": ""
        },
        {
          "district_id": "500119",
          "district_name": "南川",
          "quanpin": "nanchuang",
          "latitude": "29.158654825681",
          "longitude": "107.11044591649",
          "positionBorder": ""
        },
        {
          "district_id": "500120",
          "district_name": "合川",
          "quanpin": "hechuang",
          "latitude": "29.974654698169",
          "longitude": "106.28643847782",
          "positionBorder": ""
        },
        {
          "district_id": "500121",
          "district_name": "铜梁",
          "quanpin": "tongliang",
          "latitude": "29.847747648456",
          "longitude": "106.06595693553",
          "positionBorder": ""
        },
        {
          "district_id": "500122",
          "district_name": "梁平",
          "quanpin": "liangping",
          "latitude": "30.675564763075",
          "longitude": "107.8148119135",
          "positionBorder": ""
        },
        {
          "district_id": "500123",
          "district_name": "潼南",
          "quanpin": "tongnan",
          "latitude": "30.194136354654",
          "longitude": "105.85063711375",
          "positionBorder": ""
        },
        {
          "district_id": "500124",
          "district_name": "云阳",
          "quanpin": "yunyang",
          "latitude": "30.933066491478",
          "longitude": "108.70846977074",
          "positionBorder": ""
        },
        {
          "district_id": "500225",
          "district_name": "大足",
          "quanpin": "dazu",
          "latitude": "29.709247757858",
          "longitude": "105.73152341382",
          "positionBorder": ""
        },
        {
          "district_id": "500232",
          "district_name": "武隆县",
          "quanpin": "wulongxian",
          "latitude": "29.332790917327",
          "longitude": "107.77273438559",
          "positionBorder": ""
        },
        {
          "district_id": "500240",
          "district_name": "石柱",
          "quanpin": "shizhu",
          "latitude": "30.002657904553",
          "longitude": "108.12479695452",
          "positionBorder": ""
        },
        {
          "district_id": "500555",
          "district_name": "高新",
          "quanpin": "gaoxin2",
          "latitude": "0",
          "longitude": "0",
          "positionBorder": ""
        },
        {
          "district_id": "23008770",
          "district_name": "渝中",
          "quanpin": "yuzhong",
          "latitude": "29.555856570777",
          "longitude": "106.57920003179",
          "positionBorder": ""
        },
        {
          "district_id": "23008771",
          "district_name": "江北",
          "quanpin": "jiangbei",
          "latitude": "29.609274106037",
          "longitude": "106.58434286245",
          "positionBorder": ""
        },
        {
          "district_id": "23008772",
          "district_name": "南岸",
          "quanpin": "nanan",
          "latitude": "29.502743327202",
          "longitude": "106.65470686407",
          "positionBorder": ""
        },
        {
          "district_id": "23008773",
          "district_name": "大渡口",
          "quanpin": "dadukou",
          "latitude": "29.487665315669",
          "longitude": "106.49242423858",
          "positionBorder": ""
        },
        {
          "district_id": "23008774",
          "district_name": "九龙坡",
          "quanpin": "jiulongpo",
          "latitude": "29.505275913633",
          "longitude": "106.52110545148",
          "positionBorder": ""
        },
        {
          "district_id": "23008775",
          "district_name": "沙坪坝",
          "quanpin": "shapingba",
          "latitude": "29.566765864557",
          "longitude": "106.45879917519",
          "positionBorder": ""
        },
        {
          "district_id": "23008776",
          "district_name": "巴南",
          "quanpin": "banan",
          "latitude": "29.405327249927",
          "longitude": "106.54955519057",
          "positionBorder": ""
        },
        {
          "district_id": "23008777",
          "district_name": "北碚",
          "quanpin": "beibei",
          "latitude": "29.808286900194",
          "longitude": "106.4057081261",
          "positionBorder": ""
        },
        {
          "district_id": "23008778",
          "district_name": "渝北",
          "quanpin": "yubei",
          "latitude": "29.72054031152",
          "longitude": "106.64032491774",
          "positionBorder": ""
        },
        {
          "district_id": "23009000",
          "district_name": "永川",
          "quanpin": "yongchuan",
          "latitude": "29.368745",
          "longitude": "105.932807",
          "positionBorder": ""
        },
        {
          "district_id": "23009026",
          "district_name": "丰都",
          "quanpin": "fengdu1",
          "latitude": "29.842036",
          "longitude": "107.935812",
          "positionBorder": ""
        }
      ],
      "subway_line": [
        {
          "subway_line_id": "99564937",
          "subway_line_name": "1号线",
          "baidu_subway_line_id": "411cd9a108f3e266abf72996"
        },
        {
          "subway_line_id": "99565004",
          "subway_line_name": "2号线",
          "baidu_subway_line_id": "06f97547d2c73bb682a12e96"
        },
        {
          "subway_line_id": "99565454",
          "subway_line_name": "3号线",
          "baidu_subway_line_id": "21061de5681fc6473804b1d9"
        },
        {
          "subway_line_id": "99565455",
          "subway_line_name": "6号线",
          "baidu_subway_line_id": "e99049228cf08f16d5851f62"
        },
        {
          "subway_line_id": "99565456",
          "subway_line_name": "国博线",
          "baidu_subway_line_id": "c9c5acb091be753e06026fcd"
        }
      ]
    },
    {
      "city_id": "430100",
      "city_name": "长沙",
      "district": [
        {
          "district_id": "430122",
          "district_name": "望城",
          "quanpin": "wangcheng",
          "latitude": "28.348230447162",
          "longitude": "112.83103399848",
          "positionBorder": ""
        },
        {
          "district_id": "430124",
          "district_name": "宁乡",
          "quanpin": "ningxiang",
          "latitude": "28.265858179243",
          "longitude": "112.56051584741",
          "positionBorder": ""
        },
        {
          "district_id": "430181",
          "district_name": "浏阳",
          "quanpin": "liuyang",
          "latitude": "28.156763419896",
          "longitude": "113.6389305618",
          "positionBorder": ""
        },
        {
          "district_id": "23008764",
          "district_name": "雨花",
          "quanpin": "yuhua",
          "latitude": "28.142950332727",
          "longitude": "113.03841198713",
          "positionBorder": ""
        },
        {
          "district_id": "23008765",
          "district_name": "天心",
          "quanpin": "tianxin",
          "latitude": "28.120806598893",
          "longitude": "112.98267522764",
          "positionBorder": ""
        },
        {
          "district_id": "23008766",
          "district_name": "岳麓",
          "quanpin": "yuelu",
          "latitude": "28.214734385981",
          "longitude": "112.91593944807",
          "positionBorder": ""
        },
        {
          "district_id": "23008767",
          "district_name": "芙蓉",
          "quanpin": "furong",
          "latitude": "28.205890447462",
          "longitude": "113.04865619743",
          "positionBorder": ""
        },
        {
          "district_id": "23008768",
          "district_name": "开福",
          "quanpin": "kaifu",
          "latitude": "28.249488586449",
          "longitude": "112.9991134596",
          "positionBorder": ""
        },
        {
          "district_id": "23008769",
          "district_name": "长沙县",
          "quanpin": "changshaxian",
          "latitude": "28.344361",
          "longitude": "113.185774",
          "positionBorder": ""
        }
      ],
      "subway_line": [
        {
          "subway_line_id": "110460702",
          "subway_line_name": "2号线",
          "baidu_subway_line_id": "3289e4e55d7f7e12f82213b3"
        },
        {
          "subway_line_id": "3511589689553419",
          "subway_line_name": "1号线",
          "baidu_subway_line_id": ""
        }
      ]
    },
    {
      "city_id": "610100",
      "city_name": "西安",
      "district": [
        {
          "district_id": "610126",
          "district_name": "高陵",
          "quanpin": "gaoling1",
          "latitude": "34.459707",
          "longitude": "109.014999",
          "positionBorder": ""
        },
        {
          "district_id": "990008",
          "district_name": "西咸",
          "quanpin": "xixian",
          "latitude": "34.277321",
          "longitude": "108.77173",
          "positionBorder": ""
        },
        {
          "district_id": "23008787",
          "district_name": "城内",
          "quanpin": "chengnei",
          "latitude": "34.265458",
          "longitude": "108.954056",
          "positionBorder": ""
        },
        {
          "district_id": "23008788",
          "district_name": "经开",
          "quanpin": "jingkai",
          "latitude": "34.356093",
          "longitude": "108.944683",
          "positionBorder": ""
        },
        {
          "district_id": "23008789",
          "district_name": "城南",
          "quanpin": "chengnan",
          "latitude": "34.206621103739",
          "longitude": "108.94210086935",
          "positionBorder": ""
        },
        {
          "district_id": "23008790",
          "district_name": "城北",
          "quanpin": "chengbei",
          "latitude": "34.298346",
          "longitude": "108.953766",
          "positionBorder": ""
        },
        {
          "district_id": "23008791",
          "district_name": "浐灞",
          "quanpin": "chanba",
          "latitude": "34.311116",
          "longitude": "109.043665",
          "positionBorder": ""
        },
        {
          "district_id": "23008792",
          "district_name": "城东",
          "quanpin": "chengdong",
          "latitude": "34.265631",
          "longitude": "109.011028",
          "positionBorder": ""
        },
        {
          "district_id": "23008793",
          "district_name": "临潼",
          "quanpin": "lintong",
          "latitude": "34.355335",
          "longitude": "109.200317",
          "positionBorder": ""
        },
        {
          "district_id": "23008794",
          "district_name": "阎良",
          "quanpin": "yanliang",
          "latitude": "34.65498137929",
          "longitude": "109.23539599231",
          "positionBorder": ""
        },
        {
          "district_id": "23008795",
          "district_name": "长安",
          "quanpin": "changan1",
          "latitude": "34.164566",
          "longitude": "108.913581",
          "positionBorder": ""
        },
        {
          "district_id": "23008851",
          "district_name": "曲江",
          "quanpin": "qujiang",
          "latitude": "34.204863",
          "longitude": "109.007588",
          "positionBorder": ""
        },
        {
          "district_id": "23008899",
          "district_name": "城西",
          "quanpin": "chengxi",
          "latitude": "34.268789",
          "longitude": "108.880137",
          "positionBorder": ""
        },
        {
          "district_id": "23008900",
          "district_name": "高新",
          "quanpin": "gaoxin4",
          "latitude": "34.220946",
          "longitude": "108.881691",
          "positionBorder": ""
        },
        {
          "district_id": "23008903",
          "district_name": "蓝田",
          "quanpin": "lantian",
          "latitude": "34.132731",
          "longitude": "109.274637",
          "positionBorder": ""
        },
        {
          "district_id": "23008954",
          "district_name": "户县",
          "quanpin": "huxian",
          "latitude": "34.144727",
          "longitude": "108.640576",
          "positionBorder": ""
        },
        {
          "district_id": "23008955",
          "district_name": "周至",
          "quanpin": "zhouzhi",
          "latitude": "34.154063",
          "longitude": "108.350442",
          "positionBorder": ""
        },
        {
          "district_id": "23009016",
          "district_name": "渭南",
          "quanpin": "weinan",
          "latitude": "34.494941",
          "longitude": "109.520089",
          "positionBorder": ""
        }
      ],
      "subway_line": [
        {
          "subway_line_id": "110460700",
          "subway_line_name": "1号线",
          "baidu_subway_line_id": "d4bffe980e5c2e9338e4a677"
        },
        {
          "subway_line_id": "110460701",
          "subway_line_name": "2号线",
          "baidu_subway_line_id": "0eeba17d2e2bce8cab059db0"
        },
        {
          "subway_line_id": "3810270424182971",
          "subway_line_name": "3号线",
          "baidu_subway_line_id": "c2c084ef4e9e5449fbf0cbbd"
        },
        {
          "subway_line_id": "3810274779705771",
          "subway_line_name": "4号线",
          "baidu_subway_line_id": ""
        }
      ]
    },
    {
      "city_id": "370101",
      "city_name": "济南",
      "district": [
        {
          "district_id": "23008844",
          "district_name": "历下",
          "quanpin": "lixia",
          "latitude": "36.656525054967",
          "longitude": "117.10227195137",
          "positionBorder": ""
        },
        {
          "district_id": "23008845",
          "district_name": "市中",
          "quanpin": "shizhong",
          "latitude": "36.60495344718",
          "longitude": "116.99906095125",
          "positionBorder": ""
        },
        {
          "district_id": "23008846",
          "district_name": "槐荫",
          "quanpin": "huaiyin",
          "latitude": "36.66689431613",
          "longitude": "116.93117241672",
          "positionBorder": ""
        },
        {
          "district_id": "23008847",
          "district_name": "天桥",
          "quanpin": "tianqiao",
          "latitude": "36.713694362217",
          "longitude": "116.99428238241",
          "positionBorder": ""
        },
        {
          "district_id": "23008848",
          "district_name": "历城",
          "quanpin": "licheng",
          "latitude": "36.693919454537",
          "longitude": "117.22360812369",
          "positionBorder": ""
        },
        {
          "district_id": "23008849",
          "district_name": "长清",
          "quanpin": "changqing",
          "latitude": "36.543161707145",
          "longitude": "116.78137953557",
          "positionBorder": ""
        },
        {
          "district_id": "23008878",
          "district_name": "章丘",
          "quanpin": "zhangqiu1",
          "latitude": "36.707305457435",
          "longitude": "117.54142280741",
          "positionBorder": ""
        },
        {
          "district_id": "23008898",
          "district_name": "高新",
          "quanpin": "gaoxin",
          "latitude": "36.692522274848",
          "longitude": "117.13136683406",
          "positionBorder": ""
        },
        {
          "district_id": "23008956",
          "district_name": "济阳",
          "quanpin": "jiyang",
          "latitude": "36.983609",
          "longitude": "117.184717",
          "positionBorder": ""
        },
        {
          "district_id": "23008957",
          "district_name": "商河",
          "quanpin": "shanghe",
          "latitude": "37.299386",
          "longitude": "117.157301",
          "positionBorder": ""
        }
      ],
      "subway_line": []
    },
    {
      "city_id": "320500",
      "city_name": "苏州",
      "district": [
        {
          "district_id": "23008663",
          "district_name": "姑苏",
          "quanpin": "gusu",
          "latitude": "31.319868",
          "longitude": "120.615484",
          "positionBorder": ""
        },
        {
          "district_id": "23008664",
          "district_name": "高新",
          "quanpin": "gaoxin1",
          "latitude": "31.348491",
          "longitude": "120.478654",
          "positionBorder": ""
        },
        {
          "district_id": "23008665",
          "district_name": "吴中",
          "quanpin": "wuzhong",
          "latitude": "31.250988",
          "longitude": "120.638193",
          "positionBorder": ""
        },
        {
          "district_id": "23008666",
          "district_name": "相城",
          "quanpin": "xiangcheng",
          "latitude": "31.447926",
          "longitude": "120.64423",
          "positionBorder": ""
        },
        {
          "district_id": "23008667",
          "district_name": "吴江",
          "quanpin": "wujiang",
          "latitude": "31.11827",
          "longitude": "120.685624",
          "positionBorder": ""
        },
        {
          "district_id": "23008668",
          "district_name": "常熟",
          "quanpin": "changshu",
          "latitude": "31.668039913277",
          "longitude": "120.76951863665",
          "positionBorder": ""
        },
        {
          "district_id": "23008669",
          "district_name": "张家港",
          "quanpin": "zhangjiagang",
          "latitude": "31.88243251128",
          "longitude": "120.59967243955",
          "positionBorder": ""
        },
        {
          "district_id": "23008670",
          "district_name": "昆山",
          "quanpin": "kunshan",
          "latitude": "31.372496278655",
          "longitude": "120.98968928274",
          "positionBorder": ""
        },
        {
          "district_id": "23008671",
          "district_name": "太仓",
          "quanpin": "taicang",
          "latitude": "31.542471757028",
          "longitude": "121.13636472593",
          "positionBorder": ""
        },
        {
          "district_id": "23008818",
          "district_name": "工业园区",
          "quanpin": "gongyeyuan",
          "latitude": "31.323817",
          "longitude": "120.744265",
          "positionBorder": ""
        }
      ],
      "subway_line": [
        {
          "subway_line_id": "110460705",
          "subway_line_name": "1号线",
          "baidu_subway_line_id": "4d7be3229705ec65d33ce31c"
        },
        {
          "subway_line_id": "110460706",
          "subway_line_name": "2号线",
          "baidu_subway_line_id": "815779252c9f1be2316212dd"
        }
      ]
    },
    {
      "city_id": "130100",
      "city_name": "石家庄",
      "district": [
        {
          "district_id": "23008748",
          "district_name": "新华",
          "quanpin": "xinhua",
          "latitude": "38.099169443443",
          "longitude": "114.45101182413",
          "positionBorder": ""
        },
        {
          "district_id": "23008749",
          "district_name": "长安",
          "quanpin": "changan",
          "latitude": "38.081264446784",
          "longitude": "114.60533226081",
          "positionBorder": ""
        },
        {
          "district_id": "23008750",
          "district_name": "裕华",
          "quanpin": "yuhua1",
          "latitude": "38.020871318889",
          "longitude": "114.58045288817",
          "positionBorder": ""
        },
        {
          "district_id": "23008751",
          "district_name": "桥西",
          "quanpin": "qiaoxi",
          "latitude": "38.040994957314",
          "longitude": "114.45469844381",
          "positionBorder": ""
        },
        {
          "district_id": "23008879",
          "district_name": "行唐",
          "quanpin": "xingtang",
          "latitude": "38.441344780612",
          "longitude": "114.56058179685",
          "positionBorder": ""
        },
        {
          "district_id": "23008880",
          "district_name": "正定",
          "quanpin": "zhengding",
          "latitude": "38.162817182377",
          "longitude": "114.57604305457",
          "positionBorder": ""
        },
        {
          "district_id": "23008881",
          "district_name": "栾城",
          "quanpin": "luancheng",
          "latitude": "37.889521705857",
          "longitude": "114.66213617297",
          "positionBorder": ""
        },
        {
          "district_id": "23008882",
          "district_name": "平山",
          "quanpin": "pingshan1",
          "latitude": "38.260996640493",
          "longitude": "114.20682730818",
          "positionBorder": ""
        },
        {
          "district_id": "23008883",
          "district_name": "新乐",
          "quanpin": "xinle",
          "latitude": "38.35093098602",
          "longitude": "114.69919078277",
          "positionBorder": ""
        },
        {
          "district_id": "23008884",
          "district_name": "无极县",
          "quanpin": "wujixian",
          "latitude": "38.178899886152",
          "longitude": "114.98540883388",
          "positionBorder": ""
        },
        {
          "district_id": "23008885",
          "district_name": "辛集市",
          "quanpin": "xinjishi",
          "latitude": "37.924337095317",
          "longitude": "115.23022122122",
          "positionBorder": ""
        },
        {
          "district_id": "23008886",
          "district_name": "深泽县",
          "quanpin": "shenzexian",
          "latitude": "38.191341672895",
          "longitude": "115.21011280048",
          "positionBorder": ""
        },
        {
          "district_id": "23008887",
          "district_name": "赞皇县",
          "quanpin": "zanhuangxian",
          "latitude": "37.663519841772",
          "longitude": "114.39773740023",
          "positionBorder": ""
        },
        {
          "district_id": "23008888",
          "district_name": "赵县",
          "quanpin": "zhaoxian",
          "latitude": "37.75695203792",
          "longitude": "114.78378459027",
          "positionBorder": ""
        },
        {
          "district_id": "23008889",
          "district_name": "鹿泉",
          "quanpin": "luquan",
          "latitude": "38.091396173",
          "longitude": "114.32501525193",
          "positionBorder": ""
        },
        {
          "district_id": "23008890",
          "district_name": "藁城",
          "quanpin": "gaocheng",
          "latitude": "38.021592020046",
          "longitude": "114.83042526912",
          "positionBorder": ""
        },
        {
          "district_id": "23008891",
          "district_name": "元氏县",
          "quanpin": "yuanshixian",
          "latitude": "37.766964349387",
          "longitude": "114.53270540029",
          "positionBorder": ""
        },
        {
          "district_id": "23008892",
          "district_name": "高邑县",
          "quanpin": "gaoyixian",
          "latitude": "37.609983252107",
          "longitude": "114.61926976056",
          "positionBorder": ""
        },
        {
          "district_id": "23008894",
          "district_name": "晋州市",
          "quanpin": "jinzhoushi",
          "latitude": "38.03406461196",
          "longitude": "115.04939764457",
          "positionBorder": ""
        },
        {
          "district_id": "23008895",
          "district_name": "井陉县",
          "quanpin": "jingxingxian",
          "latitude": "37.979631507155",
          "longitude": "114.08355372609",
          "positionBorder": ""
        },
        {
          "district_id": "23008896",
          "district_name": "灵寿县",
          "quanpin": "lingshouxian",
          "latitude": "38.319177571153",
          "longitude": "114.39091628459",
          "positionBorder": ""
        },
        {
          "district_id": "23008897",
          "district_name": "开发区",
          "quanpin": "kaifaqu1",
          "latitude": "38.018518941779",
          "longitude": "114.62682307121",
          "positionBorder": ""
        }
      ],
      "subway_line": []
    },
    {
      "city_id": "440100",
      "city_name": "广州",
      "district": [
        {
          "district_id": "23008633",
          "district_name": "荔湾",
          "quanpin": "liwan",
          "latitude": "23.092523517881",
          "longitude": "113.23441993307",
          "positionBorder": ""
        },
        {
          "district_id": "23008634",
          "district_name": "越秀",
          "quanpin": "yuexiu",
          "latitude": "23.134838688264",
          "longitude": "113.2968223168",
          "positionBorder": ""
        },
        {
          "district_id": "23008635",
          "district_name": "海珠",
          "quanpin": "haizhu",
          "latitude": "23.092857513139",
          "longitude": "113.30632611266",
          "positionBorder": ""
        },
        {
          "district_id": "23008636",
          "district_name": "天河",
          "quanpin": "tianhe",
          "latitude": "23.144904698192",
          "longitude": "113.3799386265",
          "positionBorder": ""
        },
        {
          "district_id": "23008637",
          "district_name": "白云",
          "quanpin": "baiyun",
          "latitude": "23.225537453598",
          "longitude": "113.27600587205",
          "positionBorder": ""
        },
        {
          "district_id": "23008638",
          "district_name": "黄埔",
          "quanpin": "huangpugz",
          "latitude": "23.114004497978",
          "longitude": "113.48186685277",
          "positionBorder": ""
        },
        {
          "district_id": "23008639",
          "district_name": "番禺",
          "quanpin": "panyu",
          "latitude": "22.950984",
          "longitude": "113.378369",
          "positionBorder": ""
        },
        {
          "district_id": "23008640",
          "district_name": "花都",
          "quanpin": "huadou",
          "latitude": "23.403396072583",
          "longitude": "113.2146698883",
          "positionBorder": ""
        },
        {
          "district_id": "23008641",
          "district_name": "南沙",
          "quanpin": "nansha",
          "latitude": "22.800576",
          "longitude": "113.573695",
          "positionBorder": ""
        },
        {
          "district_id": "23008642",
          "district_name": "萝岗",
          "quanpin": "luogang",
          "latitude": "23.15004551981",
          "longitude": "113.53023392442",
          "positionBorder": ""
        },
        {
          "district_id": "23008643",
          "district_name": "增城",
          "quanpin": "zengcheng",
          "latitude": "23.134831087272",
          "longitude": "113.62263947728",
          "positionBorder": ""
        },
        {
          "district_id": "23008644",
          "district_name": "从化",
          "quanpin": "conghua",
          "latitude": "23.55351397432",
          "longitude": "113.59181750373",
          "positionBorder": ""
        },
        {
          "district_id": "23008953",
          "district_name": "其它",
          "quanpin": "qita",
          "latitude": "23.109517",
          "longitude": "113.204965",
          "positionBorder": ""
        }
      ],
      "subway_line": [
        {
          "subway_line_id": "110460679",
          "subway_line_name": "1号线",
          "baidu_subway_line_id": "6ceda41e4c1e9a9b3ce231b7"
        },
        {
          "subway_line_id": "110460687",
          "subway_line_name": "广佛线",
          "baidu_subway_line_id": "722f2d1d8d65c36b82a00cff"
        },
        {
          "subway_line_id": "110460686",
          "subway_line_name": "8号线",
          "baidu_subway_line_id": "50de3e0a8a3d3ac08bdb7383"
        },
        {
          "subway_line_id": "110460685",
          "subway_line_name": "5号线",
          "baidu_subway_line_id": "2cc05907ba85655ecbe33c40"
        },
        {
          "subway_line_id": "110460684",
          "subway_line_name": "3号线北延段",
          "baidu_subway_line_id": "4c25c4b99cf7cc6a1c1d11ff"
        },
        {
          "subway_line_id": "110460683",
          "subway_line_name": "6号线",
          "baidu_subway_line_id": "62e1a0dfee85ec8221f017db"
        },
        {
          "subway_line_id": "110460682",
          "subway_line_name": "4号线",
          "baidu_subway_line_id": "0465a0f4642893beaeb22ab7"
        },
        {
          "subway_line_id": "110460681",
          "subway_line_name": "3号线",
          "baidu_subway_line_id": "c5de3847d2c73bb682a12eb7"
        },
        {
          "subway_line_id": "110460680",
          "subway_line_name": "2号线",
          "baidu_subway_line_id": "62cb4fc848093743343a7183"
        },
        {
          "subway_line_id": "110460688",
          "subway_line_name": "apm线",
          "baidu_subway_line_id": "54c34d4bcf598975e9e5826c"
        }
      ]
    },
    {
      "city_id": "440100",
      "city_name": "广州",
      "district": [
        {
          "district_id": "23008633",
          "district_name": "荔湾",
          "quanpin": "liwan",
          "latitude": "23.092523517881",
          "longitude": "113.23441993307",
          "positionBorder": ""
        },
        {
          "district_id": "23008634",
          "district_name": "越秀",
          "quanpin": "yuexiu",
          "latitude": "23.134838688264",
          "longitude": "113.2968223168",
          "positionBorder": ""
        },
        {
          "district_id": "23008635",
          "district_name": "海珠",
          "quanpin": "haizhu",
          "latitude": "23.092857513139",
          "longitude": "113.30632611266",
          "positionBorder": ""
        },
        {
          "district_id": "23008636",
          "district_name": "天河",
          "quanpin": "tianhe",
          "latitude": "23.144904698192",
          "longitude": "113.3799386265",
          "positionBorder": ""
        },
        {
          "district_id": "23008637",
          "district_name": "白云",
          "quanpin": "baiyun",
          "latitude": "23.225537453598",
          "longitude": "113.27600587205",
          "positionBorder": ""
        },
        {
          "district_id": "23008638",
          "district_name": "黄埔",
          "quanpin": "huangpugz",
          "latitude": "23.114004497978",
          "longitude": "113.48186685277",
          "positionBorder": ""
        },
        {
          "district_id": "23008639",
          "district_name": "番禺",
          "quanpin": "panyu",
          "latitude": "22.950984",
          "longitude": "113.378369",
          "positionBorder": ""
        },
        {
          "district_id": "23008640",
          "district_name": "花都",
          "quanpin": "huadou",
          "latitude": "23.403396072583",
          "longitude": "113.2146698883",
          "positionBorder": ""
        },
        {
          "district_id": "23008641",
          "district_name": "南沙",
          "quanpin": "nansha",
          "latitude": "22.800576",
          "longitude": "113.573695",
          "positionBorder": ""
        },
        {
          "district_id": "23008642",
          "district_name": "萝岗",
          "quanpin": "luogang",
          "latitude": "23.15004551981",
          "longitude": "113.53023392442",
          "positionBorder": ""
        },
        {
          "district_id": "23008643",
          "district_name": "增城",
          "quanpin": "zengcheng",
          "latitude": "23.134831087272",
          "longitude": "113.62263947728",
          "positionBorder": ""
        },
        {
          "district_id": "23008644",
          "district_name": "从化",
          "quanpin": "conghua",
          "latitude": "23.55351397432",
          "longitude": "113.59181750373",
          "positionBorder": ""
        }
      ],
      "subway_line": [
        {
          "subway_line_id": "110460679",
          "subway_line_name": "1号线",
          "baidu_subway_line_id": "6ceda41e4c1e9a9b3ce231b7"
        },
        {
          "subway_line_id": "110460687",
          "subway_line_name": "广佛线",
          "baidu_subway_line_id": "722f2d1d8d65c36b82a00cff"
        },
        {
          "subway_line_id": "110460686",
          "subway_line_name": "8号线",
          "baidu_subway_line_id": "50de3e0a8a3d3ac08bdb7383"
        },
        {
          "subway_line_id": "110460685",
          "subway_line_name": "5号线",
          "baidu_subway_line_id": "2cc05907ba85655ecbe33c40"
        },
        {
          "subway_line_id": "110460684",
          "subway_line_name": "3号线北延段",
          "baidu_subway_line_id": "4c25c4b99cf7cc6a1c1d11ff"
        },
        {
          "subway_line_id": "110460683",
          "subway_line_name": "6号线",
          "baidu_subway_line_id": "62e1a0dfee85ec8221f017db"
        },
        {
          "subway_line_id": "110460682",
          "subway_line_name": "4号线",
          "baidu_subway_line_id": "0465a0f4642893beaeb22ab7"
        },
        {
          "subway_line_id": "110460681",
          "subway_line_name": "3号线",
          "baidu_subway_line_id": "c5de3847d2c73bb682a12eb7"
        },
        {
          "subway_line_id": "110460680",
          "subway_line_name": "2号线",
          "baidu_subway_line_id": "62cb4fc848093743343a7183"
        },
        {
          "subway_line_id": "110460688",
          "subway_line_name": "apm线",
          "baidu_subway_line_id": "54c34d4bcf598975e9e5826c"
        }
      ]
    },
    {
      "city_id": "370600",
      "city_name": "烟台",
      "district": [
        {
          "district_id": "23008856",
          "district_name": "芝罘",
          "quanpin": "zhifu",
          "latitude": "37.527092384654",
          "longitude": "121.35981395516",
          "positionBorder": ""
        },
        {
          "district_id": "23008857",
          "district_name": "福山",
          "quanpin": "fushan",
          "latitude": "37.440534",
          "longitude": "121.239407",
          "positionBorder": ""
        },
        {
          "district_id": "23008858",
          "district_name": "牟平",
          "quanpin": "mouping",
          "latitude": "37.256108543208",
          "longitude": "121.57046386158",
          "positionBorder": ""
        },
        {
          "district_id": "23008859",
          "district_name": "莱山",
          "quanpin": "laishan",
          "latitude": "37.390217425879",
          "longitude": "121.47034626253",
          "positionBorder": ""
        },
        {
          "district_id": "23008860",
          "district_name": "龙口",
          "quanpin": "longkou",
          "latitude": "37.557602344881",
          "longitude": "120.50179091204",
          "positionBorder": ""
        },
        {
          "district_id": "23008861",
          "district_name": "莱阳",
          "quanpin": "laiyang",
          "latitude": "36.874652313427",
          "longitude": "120.73697938462",
          "positionBorder": ""
        },
        {
          "district_id": "23008862",
          "district_name": "莱州",
          "quanpin": "laizhou",
          "latitude": "37.175067910478",
          "longitude": "120.01019001205",
          "positionBorder": ""
        },
        {
          "district_id": "23008863",
          "district_name": "蓬莱",
          "quanpin": "penglai",
          "latitude": "37.635881599385",
          "longitude": "120.8514307187",
          "positionBorder": ""
        },
        {
          "district_id": "23008864",
          "district_name": "招远",
          "quanpin": "zhaoyuan",
          "latitude": "37.272363862372",
          "longitude": "120.43738079344",
          "positionBorder": ""
        },
        {
          "district_id": "23008865",
          "district_name": "栖霞",
          "quanpin": "qixia1",
          "latitude": "37.264027944424",
          "longitude": "120.99378061945",
          "positionBorder": ""
        },
        {
          "district_id": "23008866",
          "district_name": "海阳",
          "quanpin": "haiyang",
          "latitude": "36.820330707698",
          "longitude": "121.14475245076",
          "positionBorder": ""
        },
        {
          "district_id": "23009087",
          "district_name": "开发区",
          "quanpin": "kaifaqu4",
          "latitude": "37.600813",
          "longitude": "121.139371",
          "positionBorder": ""
        },
        {
          "district_id": "23009088",
          "district_name": "高新区",
          "quanpin": "gaoxinqu",
          "latitude": "37.415316",
          "longitude": "121.537788",
          "positionBorder": ""
        }
      ],
      "subway_line": []
    }
  ],
  "sign": "00aabf0e6e39b07da11d6092766180cf"
}