[{"high":null,"frm":null,"ver":28000,"low":null,"deprecated":false,"pkg":"com.lianjia.plugin.decorate","path":"plugins/decorate.jar","name":"decorate"},{"high":null,"frm":null,"ver":23779,"low":null,"deprecated":false,"pkg":"com.homelink.app.customer","path":"plugins/customer.jar","name":"customer"},{"high":null,"frm":null,"ver":10062,"low":null,"deprecated":false,"pkg":"com.bk.identify","path":"plugins/identify.jar","name":"identify"},{"high":null,"frm":null,"ver":10789,"low":null,"deprecated":false,"pkg":"com.bk.secondhouse","path":"plugins/secondhouse.jar","name":"secondhouse"},{"high":null,"frm":null,"ver":12700,"low":null,"deprecated":false,"pkg":"com.ljplugin.rtc","path":"plugins/lianjia_rtc.jar","name":"lianjia_rtc"},{"high":null,"frm":null,"ver":20802,"low":null,"deprecated":false,"pkg":"com.homelink.android.newhouse","path":"plugins/newhouse.jar","name":"newhouse"},{"high":null,"frm":null,"ver":21779,"low":null,"deprecated":false,"pkg":"com.matrix.rentplathouse","path":"plugins/rentplatmain.jar","name":"rentplatmain"},{"high":null,"frm":null,"ver":23100,"low":null,"deprecated":false,"pkg":"com.lianjia.lianjiaim","path":"plugins/lianjiaim.jar","name":"lianjiaim"}]