{
  "userdata_count": [
    {
      "title": "看房记录",
      "count": 0,
      "action_url": "lianjiabeike://myprofile/myseerecord",
      "need_login": true,
      "dig_key": "kanfangjilu"
    },
    {
      "title": "我的委托",
      "count": 0,
      "action_url": "lianjiabeike://sellHouse/delegateList",
      "need_login": true,
      "dig_key": "wodeweituo"
    },
    {
      "title": "搜索条件",
      "count": 0,
      "action_url": "lianjiabeike://myprofile/mysearchsubscribe",
      "need_login": true,
      "dig_key": "sousuotiaojian"
    }
  ],
  "user_concerns": [
    {
      "title": "二手房",
      "pic_url": "http://image1.ljcdn.com/homepageimg/1496388730phpy1hM2J.png",
      "need_login": true,
      "action_url": "lianjiabeike://myprofile/myfollowedsecondhouse"
    },
    {
      "title": "新房",
      "pic_url": "http://image1.ljcdn.com/homepageimg/1496388796phpOohYep.png",
      "need_login": true,
      "action_url": "lianjiabeike://newhouse/myfollowed"
    },
    {
      "title": "租房",
      "pic_url": "http://image1.ljcdn.com/homepageimg/1496388804phpsHoHx0.png",
      "need_login": true,
      "action_url": "lianjiabeike://myprofile/myfollowedrenthouse"
    },
    {
      "title": "小区",
      "pic_url": "http://image1.ljcdn.com/homepageimg/1496388786php1bwC7N.png",
      "need_login": true,
      "action_url": "lianjiabeike://myprofile/myfollowedcommunity"
    }
  ],
  "funds_cards_count": {
    "funds_count": 0,
    "cardcoupons_count": 0
  },
  "other_info": [
    {
      "title": "我的经纪人",
      "action_url": "lianjiabeike://myprofile/myagents",
      "need_login": true,
      "dig_key": "wodejiaju"
    },
    {
      "title": "我的问答",
      "action_url": "lianjiabeike://myprofile/myqa",
      "need_login": true,
      "dig_key": "wodewenda"
    },
    {
      "title": "我的点评",
      "action_url": "lianjiabeike://myprofile/myreviews",
      "need_login": true,
      "dig_key": "wodedianping"
    },
    {
      "title": "反馈",
      "action_url": "lianjiabeike://func/feedback",
      "need_login": false,
      "dig_key": "fangkui"
    },
    {
      "title": "联系客户",
      "phone": "10106188",
      "work_time_desc": "周一至周日 9:00-20:00",
      "action_url": "lianjiabeike://func/callService?phone=10106188",
      "need_login": false,
      "dig_key": "kefudianhua"
    }
  ]
}